Status-ID,Kategorie,Linie,Fahrtnummer,"Abfahrtsstation Name","Abfahrtsstation Koordinaten","Abfahrt geplant","Abfahrt real","Zielstation Name","Zielstation Koordinaten","Ankunft geplant","Ankunft real",Reisezeit,Distanz,Punkte,Status-Nachricht,Fahrtzweck,Betreiber
3111428,tram,"STR 99",3396,"Plantagenstr., Potsdam","52.392396,13.103279",2024-08-01T15:54:00+00:00,2024-08-01T15:56:00+00:00,"Babelsberg (S)/Wattstr., Potsdam","52.391623,13.094335",2024-08-01T15:56:00+00:00,2024-08-01T15:58:00+00:00,2,614,3,,PRIVATE,
3111429,suburban,"S 7",73118,Potsdam-Babelsberg,"52.391353,13.093049",2024-08-01T16:00:00+00:00,2024-08-01T16:01:00+00:00,"Potsdam Hbf (S)","52.391713,13.067727",2024-08-01T16:02:00+00:00,2024-08-01T16:02:00+00:00,1,1734,4,,PRIVATE,"S-Bahn Berlin GmbH"
3111507,national,"IC 2431",2431,"Potsdam Hbf","52.391551,13.066711",2024-08-01T16:02:00+00:00,2024-08-01T16:09:00+00:00,"Berlin Hbf","52.524924,13.369629",2024-08-01T16:26:00+00:00,2024-08-01T16:26:00+00:00,17,28607,11,"NV-Freigabe ftw",PRIVATE,"DB Fernverkehr"
3111750,subway,"U 5",15276,"Berlin Hbf","52.524924,13.369629",2024-08-01T16:38:00+00:00,2024-08-01T16:38:00+00:00,"Unter den Linden (U), Berlin","52.517041,13.38883",2024-08-01T16:42:00+00:00,2024-08-01T16:42:00+00:00,7,1937,3,"Nach einem Notarzteinsatz ist der Zugverkehr derzeit unregelm칛를g",PRIVATE,
3111792,subway,"U 6",16685,"Unter den Linden (U), Berlin","52.517041,13.38883",2024-08-01T16:53:00+00:00,2024-08-01T16:53:00+00:00,"Hallesches Tor (U), Berlin","52.497732,13.391204",2024-08-01T16:57:00+00:00,2024-08-01T16:57:00+00:00,4,2156,3,,PRIVATE,
3112783,suburban,"S 7",7149,"Berlin Warschauer Stra른","52.505948,13.45224",2024-08-01T20:42:00+00:00,2024-08-01T20:42:00+00:00,"Berlin Ostkreuz","52.503305,13.468861",2024-08-01T20:43:00+00:00,2024-08-01T20:44:00+00:00,2,1165,4,,PRIVATE,"S-Bahn Berlin GmbH"
3112784,suburban,"S 42",42235,"Berlin Ostkreuz","52.503305,13.468861",2024-08-01T20:46:00+00:00,2024-08-01T20:46:00+00:00,"Berlin Westkreuz","52.500734,13.283962",2024-08-01T21:17:00+00:00,2024-08-01T21:17:00+00:00,31,20280,6,"Mit Ring nach Hause weil der n칛chste RE1 erst in 2 Stunden kommt 游뗷",PRIVATE,"S-Bahn Berlin GmbH"
3112785,subway,"U 1",11804,"Hallesches Tor (U), Berlin","52.497732,13.391204",2024-08-01T19:31:00+00:00,2024-08-01T19:31:00+00:00,"Schlesisches Tor (U), Berlin","52.500869,13.441579",2024-08-01T19:38:00+00:00,2024-08-01T19:38:00+00:00,7,3761,1,,PRIVATE,
3112848,suburban,"S 7",73152,"Berlin Westkreuz","52.500734,13.283962",2024-08-01T21:20:00+00:00,2024-08-01T21:21:00+00:00,Potsdam-Babelsberg,"52.391353,13.093049",2024-08-01T21:40:00+00:00,2024-08-01T21:40:00+00:00,19,18749,5,"Immer wieder deprimierend von nem Lichtschalter auf ne Taucherbrille umzusteigen",PRIVATE,"S-Bahn Berlin GmbH"
3118650,tram,"STR 99",3469,"Plantagenstr., Potsdam","52.392396,13.103279",2024-08-02T17:57:00+00:00,2024-08-02T17:58:00+00:00,"Lange Br칲cke, Potsdam","52.392306,13.063331",2024-08-02T18:08:00+00:00,2024-08-02T18:10:00+00:00,12,4620,3,"S-Bahn f칛llt aus, Sichtanschluss auf den Bus 游뗷",PRIVATE,
3118792,tram,"STR 96",2757,"Hauptbahnhof (S), Potsdam","52.390985,13.065758",2024-08-02T18:20:00+00:00,2024-08-02T18:21:00+00:00,"Platz der Einheit/Nord, Potsdam","52.39921,13.058639",2024-08-02T18:25:00+00:00,2024-08-02T18:26:00+00:00,5,1105,3,,PRIVATE,
3119734,tram,"STR 99",3335,"Rathaus Babelsberg, Potsdam","52.392189,13.091144",2024-08-02T22:05:00+00:00,2024-08-02T22:05:00+00:00,"Plantagenstr., Potsdam","52.392396,13.103279",2024-08-02T22:07:00+00:00,2024-08-02T22:08:00+00:00,3,845,3,,PRIVATE,
3123851,tram,"STR 94",243,"Plantagenstr., Potsdam","52.392396,13.103279",2024-08-03T14:24:00+00:00,2024-08-03T14:25:00+00:00,"Luisenplatz-S칲d/Park Sanssouci, Potsdam","52.398617,13.047717",2024-08-03T14:38:00+00:00,2024-08-03T14:38:00+00:00,13,4469,3,,PRIVATE,
3124599,tram,"STR 91",1859,"Luisenplatz-S칲d/Park Sanssouci, Potsdam","52.398617,13.047717",2024-08-03T16:00:00+00:00,2024-08-03T16:01:00+00:00,"Hauptbahnhof (S), Potsdam","52.390985,13.065758",2024-08-03T16:09:00+00:00,2024-08-03T16:10:00+00:00,9,1767,3,,PRIVATE,
3126637,bus,"Bus N17",2634,"Hauptbahnhof (S), Potsdam","52.390985,13.065758",2024-08-03T23:34:00+00:00,2024-08-03T23:34:00+00:00,"Plantagenstr., Potsdam","52.392396,13.103279",2024-08-03T23:43:00+00:00,2024-08-03T23:43:00+00:00,9,3255,3,,PRIVATE,
3142306,bus,"Bus 694",1339,"Plantagenstr., Potsdam","52.392396,13.103279",2024-08-06T11:15:00+00:00,2024-08-06T11:15:00+00:00,"Griebnitzsee Bahnhof (S), Potsdam","52.39387,13.128746",2024-08-06T11:22:00+00:00,2024-08-06T11:22:00+00:00,7,1778,1,,PRIVATE,
3142308,bus,"Bus 694",1718,"Griebnitzsee Bahnhof (S), Potsdam","52.39387,13.128746",2024-08-06T14:42:00+00:00,2024-08-06T14:42:00+00:00,"Plantagenstr., Potsdam","52.392396,13.103279",2024-08-06T14:48:00+00:00,2024-08-06T14:48:00+00:00,6,1778,1,,PRIVATE,
3142310,suburban,"S 7",73118,Potsdam-Babelsberg,"52.391353,13.093049",2024-08-06T16:00:00+00:00,2024-08-06T16:01:00+00:00,"Potsdam Hbf (S)","52.391713,13.067727",2024-08-06T16:02:00+00:00,2024-08-06T16:03:00+00:00,2,1734,4,,PRIVATE,"S-Bahn Berlin GmbH"
3143953,tram,"STR 99",3348,"Humboldtring/Nuthestr., Potsdam","52.397754,13.079044",2024-08-06T20:22:00+00:00,2024-08-06T20:23:00+00:00,"Plantagenstr., Potsdam","52.392396,13.103279",2024-08-06T20:27:00+00:00,2024-08-06T20:29:00+00:00,6,1953,3,,PRIVATE,
3149776,tram,"STR 99",4693,"Plantagenstr., Potsdam","52.392396,13.103279",2024-08-07T19:17:00+00:00,2024-08-07T19:18:00+00:00,"Platz der Einheit/Bildungsforum, Potsdam","52.397556,13.059214",2024-08-07T19:26:00+00:00,2024-08-07T19:27:00+00:00,9,3848,3,,PRIVATE,
3155044,bus,"Bus 694",2611,"Plantagenstr., Potsdam","52.392396,13.103279",2024-08-08T16:27:00+00:00,2024-08-08T16:28:00+00:00,"Hauptbahnhof Nord (S), Potsdam","52.392747,13.066963",2024-08-08T16:39:00+00:00,2024-08-08T16:40:00+00:00,12,3021,3,,PRIVATE,
3155623,tram,"STR 99",4585,"Hauptbahnhof (S), Potsdam","52.390985,13.065758",2024-08-08T18:14:00+00:00,2024-08-08T18:14:00+00:00,"Plantagenstr., Potsdam","52.392396,13.103279",2024-08-08T18:27:00+00:00,2024-08-08T18:29:00+00:00,15,4882,3,,PRIVATE,
3157794,tram,"STR 94",334,"Plantagenstr., Potsdam","52.392396,13.103279",2024-08-09T09:04:00+00:00,2024-08-09T09:04:00+00:00,"Platz der Einheit/West, Potsdam","52.398832,13.057928",2024-08-09T09:16:00+00:00,2024-08-09T09:17:00+00:00,13,4062,3,,PRIVATE,
3158094,suburban,"S 1",1098,"Potsdam Hbf (S)","52.391713,13.067727",2024-08-09T10:01:00+00:00,2024-08-09T10:02:00+00:00,"Potsdam Griebnitzsee (S)","52.394392,13.128638",2024-08-09T10:07:00+00:00,2024-08-09T10:09:00+00:00,7,4172,4,"Es ist mal wieder S1-in-Potsdam-Zeit",PRIVATE,"S-Bahn Berlin GmbH"
3167249,suburban,"S 1",1125,Potsdam-Babelsberg,"52.391353,13.093049",2024-08-10T16:00:00+00:00,2024-08-10T16:04:00+00:00,"Potsdam Hbf (S)","52.391713,13.067727",2024-08-10T16:02:00+00:00,2024-08-10T16:05:00+00:00,1,1734,4,,PRIVATE,"S-Bahn Berlin GmbH"
3167839,suburban,"S 1",1142,"Potsdam Hbf (S)","52.391713,13.067727",2024-08-10T17:21:00+00:00,2024-08-10T17:22:00+00:00,Potsdam-Babelsberg,"52.391353,13.093049",2024-08-10T17:24:00+00:00,2024-08-10T17:25:00+00:00,3,1734,4,,PRIVATE,"S-Bahn Berlin GmbH"
3167868,tram,"STR 94",344,"Babelsberg (S)/Wattstr., Potsdam","52.391623,13.094335",2024-08-10T17:27:00+00:00,2024-08-10T17:28:00+00:00,"Plantagenstr., Potsdam","52.392396,13.103279",2024-08-10T17:29:00+00:00,2024-08-10T17:30:00+00:00,2,614,3,,PRIVATE,
3172714,suburban,"S 1",1119,Potsdam-Babelsberg,"52.391353,13.093049",2024-08-11T15:00:00+00:00,2024-08-11T15:03:00+00:00,"Potsdam Hbf (S)","52.391713,13.067727",2024-08-11T15:02:00+00:00,2024-08-11T15:05:00+00:00,2,1734,4,,PRIVATE,"S-Bahn Berlin GmbH"
3173303,suburban,"S 1",1136,"Potsdam Hbf (S)","52.391713,13.067727",2024-08-11T16:21:00+00:00,2024-08-11T16:22:00+00:00,Potsdam-Babelsberg,"52.391353,13.093049",2024-08-11T16:24:00+00:00,2024-08-11T16:24:00+00:00,2,1734,4,,PRIVATE,"S-Bahn Berlin GmbH"
3173311,tram,"STR 94",347,"Babelsberg (S)/Wattstr., Potsdam","52.391623,13.094335",2024-08-11T16:27:00+00:00,2024-08-11T16:28:00+00:00,"Plantagenstr., Potsdam","52.392396,13.103279",2024-08-11T16:29:00+00:00,2024-08-11T16:30:00+00:00,2,614,3,,PRIVATE,
3174284,suburban,"S 1",1147,"Potsdam Griebnitzsee (S)","52.394392,13.128638",2024-08-11T19:37:00+00:00,2024-08-11T19:39:00+00:00,"Potsdam Hbf (S)","52.391713,13.067727",2024-08-11T19:42:00+00:00,2024-08-11T19:44:00+00:00,5,4201,4,,PRIVATE,"S-Bahn Berlin GmbH"
3174290,tram,"STR 91",2733,"Hauptbahnhof (S), Potsdam","52.390985,13.065758",2024-08-11T19:52:00+00:00,2024-08-11T19:53:00+00:00,"Dortustr., Potsdam","52.399147,13.053164",2024-08-11T19:58:00+00:00,2024-08-11T19:59:00+00:00,6,1546,3,,PRIVATE,
3174616,tram,"STR 99",4563,"Platz der Einheit/Bildungsforum, Potsdam","52.397556,13.059214",2024-08-11T21:18:00+00:00,2024-08-11T21:19:00+00:00,"Plantagenstr., Potsdam","52.392396,13.103279",2024-08-11T21:27:00+00:00,2024-08-11T21:29:00+00:00,10,3848,3,,PRIVATE,
3177244,bus,"Bus 694",1852,"Plantagenstr., Potsdam","52.392396,13.103279",2024-08-12T11:35:00+00:00,2024-08-12T11:36:00+00:00,"Griebnitzsee Bahnhof (S), Potsdam","52.39387,13.128746",2024-08-12T11:42:00+00:00,2024-08-12T11:43:00+00:00,7,1778,3,,PRIVATE,
3177793,suburban,"S 1",1116,"Potsdam Griebnitzsee (S)","52.394392,13.128638",2024-08-12T13:07:00+00:00,2024-08-12T13:09:00+00:00,"Berlin-Wannsee (S)","52.42118,13.179418",2024-08-12T13:12:00+00:00,2024-08-12T13:13:00+00:00,4,5104,4,"Uiiii Jubil칛umszug 100 Jahre S-Bahn Berlin",PRIVATE,"S-Bahn Berlin GmbH"
3177887,suburban,"S 7",73575,"Berlin-Wannsee (S)","52.42118,13.179418",2024-08-12T13:17:00+00:00,2024-08-12T13:18:00+00:00,"Berlin Westkreuz","52.500734,13.283962",2024-08-12T13:29:00+00:00,2024-08-12T13:29:00+00:00,11,11637,5,,PRIVATE,"S-Bahn Berlin GmbH"
3177939,suburban,"S 42",42661,"Berlin Westkreuz","52.500734,13.283962",2024-08-12T13:32:00+00:00,2024-08-12T13:39:00+00:00,"Berlin Hohenzollerndamm","52.488671,13.300287",2024-08-12T13:35:00+00:00,2024-08-12T13:42:00+00:00,3,1765,4,"omg die Klima ist so gut",PRIVATE,"S-Bahn Berlin GmbH"
3178908,suburban,"S 42",42681,"Berlin Hohenzollerndamm","52.488671,13.300287",2024-08-12T15:16:00+00:00,2024-08-12T15:16:00+00:00,"Berlin Bundesplatz","52.477695,13.329295",2024-08-12T15:19:00+00:00,2024-08-12T15:20:00+00:00,4,2498,4,,PRIVATE,"S-Bahn Berlin GmbH"
3178973,subway,"U 9",18611,"Bundesplatz (S+U), Berlin","52.477713,13.328522",2024-08-12T15:24:00+00:00,2024-08-12T15:24:00+00:00,"Berlin Rathaus Steglitz","52.455833,13.322948",2024-08-12T15:29:00+00:00,2024-08-12T15:29:00+00:00,5,2505,3,,PRIVATE,
3179153,suburban,"S 1",1803,"Berlin Rathaus Steglitz","52.455833,13.322948",2024-08-12T15:44:00+00:00,2024-08-12T15:44:00+00:00,"Potsdam Griebnitzsee (S)","52.394392,13.128638",2024-08-12T16:07:00+00:00,2024-08-12T16:07:00+00:00,23,16454,5,,PRIVATE,"S-Bahn Berlin GmbH"
3184021,ferry,KAT,,"F칛hrhafen, Sassnitz","54.484483,13.586144",2024-08-13T12:55:00+00:00,2024-08-13T12:55:00+00:00,"Trelleborg Centralstation","55.371574,13.159057",2024-08-13T15:20:00+00:00,2024-08-13T15:20:00+00:00,145,102459,0,"F칛h 游봃",PRIVATE,
3245303,regional,"R 1028",1028,"Karlshamn Station","56.176774,14.867817",2024-08-23T08:21:00+00:00,2024-08-23T08:21:00+00:00,"Karlskrona Central","56.166319,15.585255",2024-08-23T09:12:00+00:00,2024-08-23T09:12:00+00:00,46,49099,11,"Gumminase 游봃 f칲r das authentische DB-Feeling im Ausland gleich mit +14",PRIVATE,"Sk친netrafiken 칐resundst친g"
3283238,regional,"R 1069",1069,"Karlskrona Central","56.166319,15.585255",2024-08-29T07:48:00+00:00,2024-08-29T07:48:00+00:00,"Kopenhagen Hbf","55.672722,12.564618",2024-08-29T11:15:00+00:00,2024-08-29T11:15:00+00:00,207,245342,31,Ausflug!,PRIVATE,"Sk친netrafiken 칐resundst친g"
3286925,regional,"R 1124",1124,"Oesterport st","55.692705,12.587613",2024-08-29T17:33:00+00:00,2024-08-29T17:33:00+00:00,"Karlskrona Central","56.166319,15.585255",2024-08-29T21:12:00+00:00,2024-08-29T21:12:00+00:00,219,248049,31,"Mit dem letzten Zug vor dem SEV nach Hause",PRIVATE,"Sk친netrafiken 칐resundst친g"
3302055,regional,"R 1077",1077,"Karlskrona Central","56.166319,15.585255",2024-09-01T08:48:00+00:00,2024-09-01T08:48:00+00:00,"Kopenhagen Hbf","55.672722,12.564618",2024-09-01T12:15:00+00:00,2024-09-01T12:15:00+00:00,207,245342,31,"T친g mot 칒sterport",PRIVATE,"Sk친netrafiken 칐resundst친g"
3303263,suburban,"S A",14243,"Kopenhagen Hbf","55.672722,12.564618",2024-09-01T12:24:00+00:00,2024-09-01T12:24:00+00:00,"Dybboelsbro st","55.665144,12.559611",2024-09-01T12:26:00+00:00,2024-09-01T12:26:00+00:00,2,899,4,,PRIVATE,"DSB S-tog"
3303844,suburban,"S A",13246,"Dybboelsbro st","55.665144,12.559611",2024-09-01T13:36:00+00:00,2024-09-01T13:36:00+00:00,"Koebenhavn Syd","55.652424,12.516319",2024-09-01T13:42:00+00:00,2024-09-01T13:42:00+00:00,6,3234,4,,PRIVATE,"DSB S-tog"
3305203,regional,"R 1116",1116,"Kopenhagen Hbf","55.672722,12.564618",2024-09-01T16:44:00+00:00,2024-09-01T16:44:00+00:00,"Karlskrona Central","56.166319,15.585255",2024-09-01T20:12:00+00:00,2024-09-01T20:12:00+00:00,208,284086,35,"Und wieder den letzten Zug vorm SEV nehmen",PRIVATE,"Sk친netrafiken 칐resundst친g"
3346329,regional,"R 8628",8628,"Karlskrona Central","56.166319,15.585255",2024-09-08T07:42:00+00:00,2024-09-08T07:42:00+00:00,"Emmaboda station","56.629848,15.534933",2024-09-08T08:25:00+00:00,2024-09-08T08:25:00+00:00,43,52957,12,"Der SEV Richtung Malm칬 geht mir mittlerweile echt auf den Keks 游삒 dieses WE sogar ganzt칛gig, deshalb mal die andere Richtung erkunden 游",PRIVATE,
3346511,regional,"R 332",332,"Emmaboda station","56.629848,15.534933",2024-09-08T08:30:00+00:00,2024-09-08T08:30:00+00:00,"G칬teborg Central","57.709309,11.973425",2024-09-08T11:55:00+00:00,2024-09-08T11:55:00+00:00,205,294133,36,"SJ Regional 游봃",PRIVATE,SJ
3349706,regional,"R 343",343,"G칬teborg Central","57.709309,11.973425",2024-09-08T16:04:00+00:00,2024-09-08T16:04:00+00:00,"Emmaboda station","56.629848,15.534933",2024-09-08T19:28:00+00:00,2024-09-08T19:28:00+00:00,204,294133,36,"Letzte Verbindung des Tages mit 6min Umstieg, in Deutschland w칲rde ich mich das nicht trauen 游땍",PRIVATE,SJ
3351120,regional,"R 8673",8673,"Emmaboda station","56.629848,15.534933",2024-09-08T19:34:00+00:00,2024-09-08T19:34:00+00:00,"Karlskrona Central","56.166319,15.585255",2024-09-08T20:16:00+00:00,2024-09-08T20:16:00+00:00,42,52957,12,"Umstieg gegl칲ckt",PRIVATE,
3377859,regional,"R 8624",8624,"Karlskrona Central","56.166319,15.585255",2024-09-13T06:42:00+00:00,2024-09-13T06:42:00+00:00,"Emmaboda station","56.629848,15.534933",2024-09-13T07:25:00+00:00,2024-09-13T07:25:00+00:00,43,52957,12,"Auf der Suche nach dem Snabbt친g 游",PRIVATE,
3378053,regional,"R 1065",1065,"Emmaboda station","56.629848,15.534933",2024-09-13T07:31:00+00:00,2024-09-13T07:31:00+00:00,"Alvesta station","56.898482,14.55688",2024-09-13T08:20:00+00:00,2024-09-13T08:20:00+00:00,49,73838,14,"T친g mot K칬penhamn H!
Ach warte in die Hauptstadt wollte ich heute ja gar nicht",PRIVATE,"Sk친netrafiken 칐resundst친g"
3378316,nationalExpress,"X2 530",530,"Alvesta station","56.898482,14.55688",2024-09-13T08:28:00+00:00,2024-09-13T08:28:00+00:00,"Stockholm Central","59.33001,18.05763",2024-09-13T11:34:00+00:00,2024-09-13T11:34:00+00:00,186,415692,52,"X2000 Snabbt친g 游봃",PRIVATE,SJ
3388114,regional,"R 43",43,"Farsta Strand station","59.236594,18.10352",2024-09-14T15:09:00+00:00,2024-09-14T15:09:00+00:00,"Stockholm City Station","59.330271,18.059778",2024-09-14T15:24:00+00:00,2024-09-14T15:24:00+00:00,15,14050,8,"Pendelt친g 游봃",PRIVATE,"Stockholm Transport"
3389014,regionalExp,"CAT 7858",7858,"Stockholm Central","59.33001,18.05763",2024-09-14T17:05:00+00:00,2024-09-14T17:05:00+00:00,"Arlanda Norra","59.651473,17.930927",2024-09-14T17:25:00+00:00,2024-09-14T17:25:00+00:00,20,39089,12,Miau!,PRIVATE,
3389422,regionalExp,"CAT 7963",7963,"Arlanda Norra","59.651473,17.930927",2024-09-14T17:50:00+00:00,2024-09-14T17:50:00+00:00,"Stockholm Central","59.33001,18.05763",2024-09-14T18:10:00+00:00,2024-09-14T18:10:00+00:00,20,39089,12,,PRIVATE,
3410574,regional,"R 928",928,"Stockholm Central","59.33001,18.05763",2024-09-18T09:11:00+00:00,2024-09-18T09:11:00+00:00,"Uppsala Central","59.858099,17.646751",2024-09-18T09:49:00+00:00,2024-09-18T09:49:00+00:00,38,70231,14,"Uppsala, wie bin ich denn in dem Zug gelandet? Aber M칛lart친g 游봃游봃游봃",PRIVATE,"M칛lardalstrafik M츿LAB AB"
3411344,regional,"R 941",941,"Uppsala Central","59.858099,17.646751",2024-09-18T11:10:00+00:00,2024-09-18T11:10:00+00:00,"Stockholm Central","59.33001,18.05763",2024-09-18T11:47:00+00:00,2024-09-18T11:47:00+00:00,37,70231,14,,PRIVATE,"M칛lardalstrafik M츿LAB AB"
3413718,nationalExpress,"X2 543",543,"Stockholm Central","59.33001,18.05763",2024-09-18T15:21:00+00:00,2024-09-18T15:21:00+00:00,"Alvesta station","56.898482,14.55688",2024-09-18T18:24:00+00:00,2024-09-18T18:24:00+00:00,257,415684,1,"+41 wegen versp칛teter Bereitstellung. Die geplante Verbindung war die letzte des Tages, hoffentlich komme ich noch auf anderem Wege nach Hause...",PRIVATE,SJ
3415099,taxi,FGR,,"Alvesta station","56.898482,14.55688",2024-09-18T20:40:00+00:00,2024-09-18T20:40:00+00:00,"Karlskrona C","56.166319,15.585255",2024-09-18T22:30:00+00:00,2024-09-18T22:30:00+00:00,110,103092,0,"Erstes Mal FGR-Taxi 九덢잺 auch wenn SJ sich geweigert hat f칲r mich ein Taxi mitzubestellen",PRIVATE,
3431439,regional,"R 1077",1077,"Karlskrona Central","56.166319,15.585255",2024-09-21T08:48:00+00:00,2024-09-21T08:48:00+00:00,"H칛ssleholm Central","56.158517,13.763923",2024-09-21T10:45:00+00:00,2024-09-21T10:45:00+00:00,117,130515,20,Ausflug!,PRIVATE,"Sk친netrafiken 칐resundst친g"
3432681,regional,"R 1821",1821,"H칛ssleholm Central","56.158517,13.763923",2024-09-21T11:37:00+00:00,2024-09-21T11:37:00+00:00,"Helsingborg Central","56.043689,12.69507",2024-09-21T12:40:00+00:00,2024-09-21T12:40:00+00:00,63,74007,14,"Ist das der direkte Weg nach Malm칬?",PRIVATE,Sk친netrafiken
3434191,regional,"R 1107",1107,"Helsingborg Central","56.043689,12.69507",2024-09-21T14:35:00+00:00,2024-09-21T14:35:00+00:00,"Malm칬 Central","55.609231,13.00126",2024-09-21T15:18:00+00:00,2024-09-21T15:18:00+00:00,43,69072,13,"Information zu Julian nach Malm칬: heute circa 60 Minuten sp칛ter. Grund daf칲r ist die unerwartete Sch칬nheit von Helsingborg.",PRIVATE,"Sk친netrafiken 칐resundst친g"
3436294,regional,"R 1483",1483,"Malm칬 Central","55.609231,13.00126",2024-09-21T18:46:00+00:00,2024-09-21T18:46:00+00:00,"Malm칬 Central","55.609231,13.00126",2024-09-21T19:11:00+00:00,2024-09-21T19:11:00+00:00,25,16852,8,"K칬nnen wir Ringbahn haben? Wir haben noch Ringbahn zuhause. Ringbahn zuhause:",PRIVATE,Sk친netrafiken
3436438,regional,"R 1132",1132,"Malm칬 Central","55.609231,13.00126",2024-09-21T19:27:00+00:00,2024-09-21T19:27:00+00:00,"Karlskrona Central","56.166319,15.585255",2024-09-21T22:12:00+00:00,2024-09-21T22:12:00+00:00,165,208376,27,"T친gbyte vid H칛ssleholm 游",PRIVATE,"Sk친netrafiken 칐resundst친g"
3438782,regional,"R 1085",1085,"Karlskrona Central","56.166319,15.585255",2024-09-22T09:48:00+00:00,2024-09-22T09:48:00+00:00,"Malm칬 Central","55.609231,13.00126",2024-09-22T12:33:00+00:00,2024-09-22T12:33:00+00:00,165,208376,27,"Ich habe m칬glicherweise gestern eine Museumsstra른nbahn entdeckt die nur noch dieses WE Saison hat. Da muss man dann wohl nochmal hinfahren 游뗶",PRIVATE,"Sk친netrafiken 칐resundst친g"
3441739,regional,"R 1777",1777,"Malm칬 Central","55.609231,13.00126",2024-09-22T16:23:00+00:00,2024-09-22T16:23:00+00:00,"Trelleborg Centralstation","55.371574,13.159057",2024-09-22T16:54:00+00:00,2024-09-22T16:54:00+00:00,31,30962,10,,PRIVATE,Sk친netrafiken
3442705,regional,"R 1132",1132,"Malm칬 Central","55.609231,13.00126",2024-09-22T19:27:00+00:00,2024-09-22T19:27:00+00:00,"Karlskrona Central","56.166319,15.585255",2024-09-22T22:12:00+00:00,2024-09-22T22:12:00+00:00,152,208376,27,"+20 wegen ""Incident""",PRIVATE,"Sk친netrafiken 칐resundst친g"
3457959,regional,"R 1061",1061,"Karlskrona Central","56.166319,15.585255",2024-09-25T06:48:00+00:00,2024-09-25T06:48:00+00:00,"Kopenhagen Hbf","55.672722,12.564618",2024-09-25T10:15:00+00:00,2024-09-25T10:15:00+00:00,220,245342,31,"Z칲ge gucken!",PRIVATE,"Sk친netrafiken 칐resundst친g"
3459124,suburban,"S A",12237,"Kopenhagen Hbf","55.672722,12.564618",2024-09-25T10:34:00+00:00,2024-09-25T10:34:00+00:00,"Dybboelsbro st","55.665144,12.559611",2024-09-25T10:36:00+00:00,2024-09-25T10:36:00+00:00,2,899,4,Mittagessen,PRIVATE,"DSB S-tog"
3459270,suburban,"S A",12139,"Dybboelsbro st","55.665144,12.559611",2024-09-25T10:59:00+00:00,2024-09-25T10:59:00+00:00,"Kopenhagen Hbf","55.672722,12.564618",2024-09-25T11:02:00+00:00,2024-09-25T11:02:00+00:00,3,899,4,,PRIVATE,"DSB S-tog"
3459363,national,"EC 397",397,"Kopenhagen Hbf","55.672722,12.564618",2024-09-25T11:14:00+00:00,2024-09-25T11:14:00+00:00,"Hamburg Hbf","53.553533,10.00636",2024-09-25T16:06:00+00:00,2024-09-25T16:06:00+00:00,292,501249,59,"Zum ersten Mal mit den DB-Wagen 칲ber die Grenze 游",PRIVATE,"D칛nische Staatsbahnen"
3462150,nationalExpress,"ICE 699",699,"Hamburg Hbf","53.553533,10.00636",2024-09-25T16:48:00+00:00,2024-09-25T16:53:00+00:00,Berlin-Spandau,"52.533787,13.200947",2024-09-25T19:10:00+00:00,2024-09-25T19:18:00+00:00,145,286952,39,,PRIVATE,"DB Fernverkehr"
3463014,regional,"RB 21",18275,Berlin-Spandau,"52.533787,13.200947",2024-09-25T19:30:00+00:00,2024-09-25T19:30:00+00:00,"Potsdam Hbf","52.391551,13.066711",2024-09-25T20:23:00+00:00,2024-09-25T20:23:00+00:00,53,43921,11,,PRIVATE,"DB Regio Nordost"
3463166,suburban,"S 7",7155,"Potsdam Hbf (S)","52.391713,13.067727",2024-09-25T20:41:00+00:00,2024-09-25T20:42:00+00:00,Potsdam-Babelsberg,"52.391353,13.093049",2024-09-25T20:44:00+00:00,2024-09-25T20:44:00+00:00,2,1734,4,"Man sollte vlt vorher checken ob man nen sinnvollen Anschluss hat 游삒",PRIVATE,"S-Bahn Berlin GmbH"
3465533,suburban,"S 7",7087,Potsdam-Babelsberg,"52.391353,13.093049",2024-09-26T09:24:00+00:00,2024-09-26T09:25:00+00:00,"Berlin Westkreuz","52.500734,13.283962",2024-09-26T09:44:00+00:00,2024-09-26T09:45:00+00:00,20,18701,5,"Z칲ge gucken!",PRIVATE,"S-Bahn Berlin GmbH"
3465694,suburban,"S 5",5556,"Berlin Westkreuz","52.500734,13.283962",2024-09-26T09:57:00+00:00,2024-09-26T09:58:00+00:00,"Berlin Messe S칲d (Eichkamp)","52.498756,13.269921",2024-09-26T09:59:00+00:00,2024-09-26T09:59:00+00:00,1,1227,4,"Information zu Julian nach Innotrans: heute circa zehn Minuten sp칛ter. Grund daf칲r ist das Warten auf Anschlussreisende (@E_Schlumpf @laugengebaeck)",PRIVATE,"S-Bahn Berlin GmbH"
3469076,suburban,"S 42",42199,"Berlin Messe Nord/ZOB (Witzleben)","52.507539,13.28345",2024-09-26T17:15:00+00:00,2024-09-26T17:16:00+00:00,"Berlin Westkreuz","52.500734,13.283962",2024-09-26T17:17:00+00:00,2024-09-26T17:17:00+00:00,1,856,4,,PRIVATE,"S-Bahn Berlin GmbH"
3469080,suburban,"S 5",5605,"Berlin Westkreuz","52.500734,13.283962",2024-09-26T17:17:00+00:00,2024-09-26T17:18:00+00:00,"Berlin Savignyplatz","52.505193,13.319362",2024-09-26T17:21:00+00:00,2024-09-26T17:22:00+00:00,4,3085,4,,PRIVATE,"S-Bahn Berlin GmbH"
3469633,suburban,"S 7",7604,"Berlin Savignyplatz","52.505193,13.319362",2024-09-26T18:45:00+00:00,2024-09-26T18:46:00+00:00,Potsdam-Babelsberg,"52.391353,13.093049",2024-09-26T19:10:00+00:00,2024-09-26T19:11:00+00:00,25,21869,6,,PRIVATE,"S-Bahn Berlin GmbH"
3472199,bus,"Bus 694",1037,"Plantagenstr., Potsdam","52.392396,13.103279",2024-09-27T09:15:00+00:00,2024-09-27T09:16:00+00:00,"Griebnitzsee Bahnhof (S), Potsdam","52.39387,13.128746",2024-09-27T09:22:00+00:00,2024-09-27T09:23:00+00:00,7,1778,3,,PRIVATE,
3472259,suburban,"S 7",7087,"Potsdam Griebnitzsee (S)","52.394392,13.128638",2024-09-27T09:27:00+00:00,2024-09-27T09:28:00+00:00,"Berlin Westkreuz","52.500734,13.283962",2024-09-27T09:44:00+00:00,2024-09-27T09:44:00+00:00,16,16259,5,"Z칲ge gucken!",PRIVATE,"S-Bahn Berlin GmbH"
3472383,suburban,"S 5",5066,"Berlin Westkreuz","52.500734,13.283962",2024-09-27T09:47:00+00:00,2024-09-27T09:49:00+00:00,"Berlin Messe S칲d (Eichkamp)","52.498756,13.269921",2024-09-27T09:49:00+00:00,2024-09-27T09:50:00+00:00,1,1227,4,"Bitte beachten Sie: dieser Zug h칛lt nicht in Heerstra른!",PRIVATE,"S-Bahn Berlin GmbH"
3473558,suburban,"S 3",3113,"Berlin Messe S칲d (Eichkamp)","52.498756,13.269921",2024-09-27T12:20:00+00:00,2024-09-27T12:23:00+00:00,"Berlin Charlottenburg (S)","52.504348,13.301338",2024-09-27T12:24:00+00:00,2024-09-27T12:28:00+00:00,5,2484,4,,PRIVATE,"S-Bahn Berlin GmbH"
3473767,regional,"RB 8934",8934,Berlin-Charlottenburg,"52.504195,13.302049",2024-09-27T12:43:00+00:00,2024-09-27T12:43:00+00:00,"Berlin Ostbahnhof","52.510424,13.4349",2024-09-27T13:06:00+00:00,2024-09-27T13:06:00+00:00,23,11842,8,"Mireo Plus H Premierenfahrt 游봅",PRIVATE,"NEB Niederbarnimer Eisenbahn"
3473922,regional,"RB 28074",28074,"Berlin Ostbahnhof","52.510424,13.4349",2024-09-27T13:18:00+00:00,2024-09-27T13:18:00+00:00,Berlin-Charlottenburg,"52.504195,13.302049",2024-09-27T13:36:00+00:00,2024-09-27T13:36:00+00:00,18,11857,8,"Mireo Plus H Premierenfahrt 游봅",PRIVATE,"NEB Niederbarnimer Eisenbahn"
3474586,regional,"RB 23",18160,Berlin-Charlottenburg,"52.504195,13.302049",2024-09-27T13:59:00+00:00,2024-09-27T14:00:00+00:00,"Potsdam Griebnitzsee","52.394437,13.128728",2024-09-27T14:12:00+00:00,2024-09-27T14:12:00+00:00,12,17436,8,,PRIVATE,"DB Regio Nordost"
3474645,bus,"Bus 616",4489,"Griebnitzsee Bahnhof (S), Potsdam","52.39387,13.128746",2024-09-27T14:14:00+00:00,2024-09-27T14:14:00+00:00,"Plantagenstr., Potsdam","52.392396,13.103279",2024-09-27T14:18:00+00:00,2024-09-27T14:21:00+00:00,7,1799,3,,PRIVATE,
3475131,suburban,"S 7",7112,Potsdam-Babelsberg,"52.391353,13.093049",2024-09-27T15:00:00+00:00,2024-09-27T15:00:00+00:00,"Potsdam Hbf (S)","52.391713,13.067727",2024-09-27T15:02:00+00:00,2024-09-27T15:02:00+00:00,2,1734,4,"w칛re ja kein authentischer Potsdam-Besuch wenn die Trams nicht ausfallen w칲rden",PRIVATE,"S-Bahn Berlin GmbH"
3477578,tram,"STR 91",33,"Dortustr., Potsdam","52.399147,13.053164",2024-09-27T22:28:00+00:00,2024-09-27T22:28:00+00:00,"Alter Markt/Landtag, Potsdam","52.394931,13.059232",2024-09-27T22:31:00+00:00,2024-09-27T22:31:00+00:00,3,849,3,,PRIVATE,
3477579,tram,"STR 99",4547,"Alter Markt/Landtag, Potsdam","52.394931,13.059232",2024-09-27T22:36:00+00:00,2024-09-27T22:36:00+00:00,"Plantagenstr., Potsdam","52.392396,13.103279",2024-09-27T22:47:00+00:00,2024-09-27T22:48:00+00:00,12,4184,3,,PRIVATE,
3477582,tram,"STR 91",2664,"Alter Markt/Landtag, Potsdam","52.394931,13.059232",2024-09-27T20:14:00+00:00,2024-09-27T20:14:00+00:00,"Dortustr., Potsdam","52.399147,13.053164",2024-09-27T20:18:00+00:00,2024-09-27T20:18:00+00:00,4,849,1,,PRIVATE,
3481334,bus,"Bus 694",1460,"Plantagenstr., Potsdam","52.392396,13.103279",2024-09-28T13:27:00+00:00,2024-09-28T13:28:00+00:00,"Hauptbahnhof Nord (S), Potsdam","52.392747,13.066963",2024-09-28T13:39:00+00:00,2024-09-28T13:40:00+00:00,12,3021,3,,PRIVATE,
3481834,regional,"RE 1",73739,"Potsdam Hbf","52.391551,13.066711",2024-09-28T14:31:00+00:00,2024-09-28T14:32:00+00:00,"Magdeburg Hbf","52.130495,11.6269",2024-09-28T15:47:00+00:00,2024-09-28T15:56:00+00:00,84,115512,18,"Auf zur Kulturnacht!",PRIVATE,"Ostdeutsche Eisenbahn GmbH"
3484072,tram,"STR 6",,"Opernhaus, Magdeburg","52.136689,11.639143",2024-09-28T21:08:00+00:00,2024-09-28T21:08:00+00:00,"S-Bahnhof Neustadt (Tram), Magdeburg","52.147009,11.6397",2024-09-28T21:12:00+00:00,2024-09-28T21:12:00+00:00,4,1152,3,,PRIVATE,
3484125,regional,"RE 1",73794,Magdeburg-Neustadt,"52.148537,11.640977",2024-09-28T21:25:00+00:00,2024-09-28T21:26:00+00:00,"Potsdam Hbf","52.391551,13.066711",2024-09-28T22:52:00+00:00,2024-09-28T22:53:00+00:00,87,114501,18,"Nach Hause",PRIVATE,"Ostdeutsche Eisenbahn GmbH"
3484282,bus,"Bus 694",2554,"Hauptbahnhof Nord (S), Potsdam","52.392747,13.066963",2024-09-28T22:57:00+00:00,2024-09-28T22:57:00+00:00,"Rathaus Babelsberg, Potsdam","52.392189,13.091144",2024-09-28T23:03:00+00:00,2024-09-28T23:03:00+00:00,6,1706,3,,PRIVATE,
3485106,tram,"STR 94",306,"Plantagenstr., Potsdam","52.392396,13.103279",2024-09-29T07:04:00+00:00,2024-09-29T07:04:00+00:00,"Babelsberg (S)/Wattstr., Potsdam","52.391623,13.094335",2024-09-29T07:06:00+00:00,2024-09-29T07:06:00+00:00,2,614,3,,PRIVATE,
3485107,suburban,"S 7",7532,Potsdam-Babelsberg,"52.391353,13.093049",2024-09-29T07:10:00+00:00,2024-09-29T07:10:00+00:00,"Potsdam Hbf (S)","52.391713,13.067727",2024-09-29T07:12:00+00:00,2024-09-29T07:12:00+00:00,2,1734,4,,PRIVATE,"S-Bahn Berlin GmbH"
3485110,regional,"RE 1",73764,"Potsdam Hbf","52.391551,13.066711",2024-09-29T07:50:00+00:00,2024-09-29T07:51:00+00:00,"Berlin Hbf","52.524924,13.369629",2024-09-29T08:12:00+00:00,2024-09-29T08:19:00+00:00,28,28610,9,,PRIVATE,"Ostdeutsche Eisenbahn GmbH"
3485387,nationalExpress,"ICE 804",804,"Berlin Hbf","52.3928,13.036498",2024-09-29T08:38:00+00:00,2024-09-29T08:39:00+00:00,"Hamburg Hbf","53.553533,10.00636",2024-09-29T11:06:00+00:00,2024-09-29T11:18:00+00:00,159,299655,40,"Die ganze Zeit auf nen Ausfall gehofft damit ich keine Zugbindung habe und mehr als 4h schlafen kann. Wann steht der Ausfall drin? ne Stunde vor Abfahrt 游땴 Dann schauen wir mal ob ""letzte Verbindung des Tages in Schweden"" wieder mit Taxi endet 游땐",PRIVATE,"DB Fernverkehr"
3486334,subway,"U 3",23543,"Hamburg Hbf","53.553533,10.00636",2024-09-29T11:28:00+00:00,2024-09-29T11:28:00+00:00,"Hamburg Landungsbr칲cken","53.546314,9.970619",2024-09-29T11:36:00+00:00,2024-09-29T11:36:00+00:00,8,2822,3,,PRIVATE,
3486673,subway,"U 3",23365,"Hamburg Landungsbr칲cken","53.546314,9.970619",2024-09-29T12:21:00+00:00,2024-09-29T12:21:00+00:00,"Hamburg Hbf","53.553533,10.00636",2024-09-29T12:30:00+00:00,2024-09-29T12:30:00+00:00,9,2822,3,,PRIVATE,
3486919,national,"EC 392",392,"Hamburg Hbf","53.553533,10.00636",2024-09-29T12:53:00+00:00,2024-09-29T12:57:00+00:00,"Kopenhagen Hbf","55.672722,12.564618",2024-09-29T17:46:00+00:00,2024-09-29T17:55:00+00:00,314,501256,59,"Wir fahren 游봅Der Lauftext auf den Anzeigern sagt zwar dass SEV nach D칛nemark ist, aber anscheinend d칲rfen wir auf das einzige nicht gest칬rte Gleis. Der Bahnhof ist auf jeden Fall ein einziges Chaos",PRIVATE,"DB Fernverkehr"
3489266,regional,"R 1132",1132,"Kopenhagen Hbf","55.672722,12.564618",2024-09-29T18:44:00+00:00,2024-09-29T18:44:00+00:00,"Ronneby station","56.206636,15.283352",2024-09-29T21:49:00+00:00,2024-09-29T21:49:00+00:00,187,254445,32,"Letzter Zug des Tages wurde erreicht 游봅 aber aus Prinzip hatte der dann nat칲rlich auch ordentlich Versp칛tung 游맛nd nachher gibt's noch ne Runde SEV游뗷",PRIVATE,"Sk친netrafiken 칐resundst친g"
3489694,regional,"Bus 6802",1,"Ronneby station","56.206636,15.283352",2024-09-29T21:59:00+00:00,2024-09-29T21:59:00+00:00,"Karlskrona Central","56.166319,15.585255",2024-09-29T22:28:00+00:00,2024-09-29T22:28:00+00:00,28,21878,9,"Auch geil wenn einfach kein SEV-Bus da ist 游뗶 Zugpersonal telefoniert erstmal rum. Und gewartet wird drau른n bei 2춿 游봈",PRIVATE,"Sk친netrafiken 칐resundst친g"
3562606,regional,"R 1077",1077,"Karlskrona Central","56.166319,15.585255",2024-10-11T08:48:00+00:00,2024-10-11T08:48:00+00:00,"Lund Central","55.705523,13.186582",2024-10-11T11:19:00+00:00,2024-10-11T11:19:00+00:00,151,192474,26,"Auf zur Kulturnatt!",PRIVATE,"Sk친netrafiken 칐resundst친g"
3563845,regional,"R 1538",1538,"Lund Central","55.705523,13.186582",2024-10-11T11:36:00+00:00,2024-10-11T11:36:00+00:00,"Helsingborg Central","56.043689,12.69507",2024-10-11T12:29:00+00:00,2024-10-11T12:29:00+00:00,53,65985,13,"Ist das der direkte Weg nach K칮benhavn?",PRIVATE,Sk친netrafiken
3564417,regional,"R 1091",1091,"Helsingborg Central","56.043689,12.69507",2024-10-11T12:35:00+00:00,2024-10-11T12:35:00+00:00,"Raml칬sa station","56.023804,12.72753",2024-10-11T12:38:00+00:00,2024-10-11T12:38:00+00:00,3,3054,7,"Shit der Zug hat ja ein anderes Haltemuster 游뗶also wieder raus",PRIVATE,"Sk친netrafiken 칐resundst친g"
3564455,regional,"R 1373",1373,"Raml칬sa station","56.023804,12.72753",2024-10-11T12:44:00+00:00,2024-10-11T12:44:00+00:00,"K칛vlinge Station","55.793905,13.111684",2024-10-11T13:04:00+00:00,2024-10-11T13:04:00+00:00,20,38556,10,"So im zweiten Anlauf dann auch den richtigen Zug erwischt",PRIVATE,"Sk친netrafiken 칐resundst친g"
3564751,regional,"R 1473",1473,"K칛vlinge Station","55.793905,13.111684",2024-10-11T13:20:00+00:00,2024-10-11T13:20:00+00:00,"Malm칬 Central","55.609231,13.00126",2024-10-11T13:44:00+00:00,2024-10-11T13:44:00+00:00,24,25057,9,,PRIVATE,Sk친netrafiken
3565629,regional,"R 1103",1103,"Malm칬 Central","55.609231,13.00126",2024-10-11T14:50:00+00:00,2024-10-11T14:50:00+00:00,"Kopenhagen Hbf","55.672722,12.564618",2024-10-11T15:29:00+00:00,2024-10-11T15:29:00+00:00,76,36966,10,"Jetzt aber wirklich Richtung Kulturnatt | cool einfach doppelt so lange wie geplant dank Signalst칬rung in Kastrup 游",PRIVATE,"Sk친netrafiken 칐resundst친g"
3567267,suburban,"S C",33261,"Kopenhagen Hbf","55.672722,12.564618",2024-10-11T18:28:00+00:00,2024-10-11T18:28:00+00:00,"Carlsberg St.","55.663256,12.537345",2024-10-11T18:32:00+00:00,2024-10-11T18:32:00+00:00,4,2312,4,"Essen jagen nach lange in der Schlange stehen",PRIVATE,"DSB S-tog"
3567386,suburban,"S C",33162,"Carlsberg St.","55.663256,12.537345",2024-10-11T18:53:00+00:00,2024-10-11T18:53:00+00:00,"Kopenhagen Hbf","55.672722,12.564618",2024-10-11T18:58:00+00:00,2024-10-11T18:58:00+00:00,5,2312,4,"Heute wirklich kein Gl칲ck",PRIVATE,"DSB S-tog"
3567964,regional,"R 1149",1149,"Kopenhagen Hbf","55.672722,12.564618",2024-10-11T21:21:00+00:00,2024-10-11T21:21:00+00:00,"Oesterport st","55.692705,12.587613",2024-10-11T21:27:00+00:00,2024-10-11T21:27:00+00:00,6,2707,7,,PRIVATE,"Sk친netrafiken 칐resundst친g"
3568088,regional,"R 1162",1162,"Kopenhagen Hbf","55.672722,12.564618",2024-10-11T22:30:00+00:00,2024-10-11T22:30:00+00:00,"Malm칬 Central","55.609231,13.00126",2024-10-11T23:10:00+00:00,2024-10-11T23:10:00+00:00,40,42106,11,"Ab ins Bett 游땺",PRIVATE,"Sk친netrafiken 칐resundst친g"
3569769,regional,"R 1059",1059,"Malm칬 Central","55.609231,13.00126",2024-10-12T09:25:00+00:00,2024-10-12T09:25:00+00:00,"Koebenhavns Lufthavn st","55.629609,12.649378",2024-10-12T09:43:00+00:00,2024-10-12T09:43:00+00:00,23,22263,9,"Das war eigentlich nicht der Plan, aber ein 칐resundst친g in Malm칬 C oben verspricht lustige Umleitungsdinge",PRIVATE,"Sk친netrafiken 칐resundst친g"
3570286,regional,"R 1058",1058,"Koebenhavns Lufthavn st","55.629609,12.649378",2024-10-12T09:44:00+00:00,2024-10-12T09:44:00+00:00,"G칬teborg Central","57.709309,11.973425",2024-10-12T13:20:00+00:00,2024-10-12T13:20:00+00:00,216,299715,36,,PRIVATE,"Sk친netrafiken 칐resundst친g"
3571876,regional,"R 184",184,"G칬teborg Central","57.709309,11.973425",2024-10-12T13:59:00+00:00,2024-10-12T13:59:00+00:00,"Falk칬ping Central","58.17557,13.551688",2024-10-12T15:01:00+00:00,2024-10-12T15:01:00+00:00,62,113392,18,"Schwedischen Dosto testen 游",PRIVATE,SJ
3572438,regional,"R 7249",7249,"Falk칬ping Central","58.17557,13.551688",2024-10-12T15:19:00+00:00,2024-10-12T15:19:00+00:00,"N칛ssj칬 Central","57.652128,14.694783",2024-10-12T16:41:00+00:00,2024-10-12T16:41:00+00:00,82,112474,18,,PRIVATE,
3573208,nationalExpress,"X2 10541",10541,"N칛ssj칬 Central","57.652128,14.694783",2024-10-12T16:53:00+00:00,2024-10-12T16:53:00+00:00,"Alvesta station","56.898482,14.55688",2024-10-12T17:27:00+00:00,2024-10-12T17:27:00+00:00,34,86907,19,:omya_reservierungspflicht:,PRIVATE,SJ
3573922,regional,"R 1104",1104,"Alvesta station","56.898482,14.55688",2024-10-12T17:39:00+00:00,2024-10-12T17:39:00+00:00,"Emmaboda station","56.629848,15.534933",2024-10-12T18:28:00+00:00,2024-10-12T18:28:00+00:00,49,73838,14,,PRIVATE,"Sk친netrafiken 칐resundst친g"
3573953,regional,"R 8669",8669,"Emmaboda station","56.629848,15.534933",2024-10-12T18:34:00+00:00,2024-10-12T18:34:00+00:00,"Karlskrona Central","56.166319,15.585255",2024-10-12T19:16:00+00:00,2024-10-12T19:16:00+00:00,42,52957,12,"Bin ja amazed dass diese Verbindung tats칛chlich funktioniert hat",PRIVATE,
3648109,regional,"R 8628",8628,"Karlskrona Central","56.166319,15.585255",2024-10-24T07:42:00+00:00,2024-10-24T07:42:00+00:00,"Emmaboda station","56.629848,15.534933",2024-10-24T08:25:00+00:00,2024-10-24T08:25:00+00:00,43,52957,12,,PRIVATE,
3648251,regional,"R 332",332,"Emmaboda station","56.629848,15.534933",2024-10-24T08:30:00+00:00,2024-10-24T08:30:00+00:00,"Boraas Central","57.720689,12.931486",2024-10-24T11:00:00+00:00,2024-10-24T11:00:00+00:00,150,222273,29,"Baustelle ist endlich vorbei",PRIVATE,SJ
3649436,regional,"R 3836",3836,"Boraas Central","57.720689,12.931486",2024-10-24T12:01:00+00:00,2024-10-24T12:01:00+00:00,"Herrljunga station","58.079107,13.020668",2024-10-24T12:39:00+00:00,2024-10-24T12:39:00+00:00,38,43428,11,"Spontan noch nen kleinen Umweg eingebaut",PRIVATE,
3650023,regional,"R 3831",3831,"Herrljunga station","58.079107,13.020668",2024-10-24T13:21:00+00:00,2024-10-24T13:21:00+00:00,"Varberg Station","57.109342,12.248414",2024-10-24T15:20:00+00:00,2024-10-24T15:20:00+00:00,133,127738,19,"var berg = ""abw칛rts"";",PRIVATE,
3651409,regional,"R 1127",1127,"Varberg Station","57.109342,12.248414",2024-10-24T15:29:00+00:00,2024-10-24T15:29:00+00:00,"Lund Central","55.705523,13.186582",2024-10-24T17:36:00+00:00,2024-10-24T17:36:00+00:00,116,187462,25,"Knapper Umstieg Nr 1 geschafft. Daf칲r sieht's gleich d칲ster aus mit dem 4min-Umstieg游삒 | edit: nope",PRIVATE,"Sk친netrafiken 칐resundst친g"
3652360,regional,"R 1116",1116,"Lund Central","55.705523,13.186582",2024-10-24T17:41:00+00:00,2024-10-24T17:41:00+00:00,"Karlskrona Central","56.166319,15.585255",2024-10-24T20:12:00+00:00,2024-10-24T20:12:00+00:00,155,192474,26,"Mit viel Gl칲ck sogar ohne Versp칛tung Zuhause. Daf칲r leider ohne neue Strecke",PRIVATE,"Sk친netrafiken 칐resundst친g"
3654486,regional,"R 8624",8624,"Karlskrona Central","56.166319,15.585255",2024-10-25T06:42:00+00:00,2024-10-25T06:42:00+00:00,"Emmaboda station","56.629848,15.534933",2024-10-25T07:25:00+00:00,2024-10-25T07:25:00+00:00,43,52957,12,,PRIVATE,
3654692,regional,"R 1065",1065,"Emmaboda station","56.629848,15.534933",2024-10-25T07:31:00+00:00,2024-10-25T07:31:00+00:00,"Alvesta station","56.898482,14.55688",2024-10-25T08:20:00+00:00,2024-10-25T08:20:00+00:00,49,73838,14,"Gumminase am Morgen vertreibt Kummer und Sorgen",PRIVATE,"Sk친netrafiken 칐resundst친g"
3654944,nationalExpress,"X2 530",530,"Alvesta station","56.898482,14.55688",2024-10-25T08:28:00+00:00,2024-10-25T08:28:00+00:00,"Link칬ping Central","58.416014,15.626677",2024-10-25T09:56:00+00:00,2024-10-25T09:56:00+00:00,88,207557,31,"Warum reserviere ich 칲berhaupt noch Fensterpl칛tze? Jedes einzelne Mal sa da irgendwer, und meistens sehr unsympathische Zeitgenossen",PRIVATE,SJ
3655492,regional,"R 28877",28877,"Link칬ping Central","58.416014,15.626677",2024-10-25T10:08:00+00:00,2024-10-25T10:08:00+00:00,"V칛stervik station","57.755585,16.642737",2024-10-25T11:50:00+00:00,2024-10-25T11:50:00+00:00,102,96918,16,,PRIVATE,
3657367,regional,"R 28878",28878,"V칛stervik station","57.755585,16.642737",2024-10-25T12:07:00+00:00,2024-10-25T12:07:00+00:00,"Link칬ping Central","58.416014,15.626677",2024-10-25T13:51:00+00:00,2024-10-25T13:51:00+00:00,104,96918,16,,PRIVATE,
3657727,regional,"R 28813",28813,"Link칬ping Central","58.416014,15.626677",2024-10-25T14:20:00+00:00,2024-10-25T14:20:00+00:00,"Kalmar Central","56.661445,16.35963",2024-10-25T17:38:00+00:00,2024-10-25T17:38:00+00:00,215,236852,30,"Seit 12 Uhr im gleichen Fahrzeug unterwegs 游땍 aber pl칬tzlich total 칲berf칲llt",PRIVATE,
3659504,regional,"R 1153",1153,"Kalmar Central","56.661445,16.35963",2024-10-25T18:00:00+00:00,2024-10-25T18:00:00+00:00,"Emmaboda station","56.629848,15.534933",2024-10-25T18:30:00+00:00,2024-10-25T18:30:00+00:00,30,56836,12,"Gerade genug Versp칛tung rausgefahren damit der Anschluss klappt. Somit aber leider ohne die geplante Pause zur Nahrungsjagd :/ *hungrig*",PRIVATE,"Sk친netrafiken 칐resundst친g"
3659817,regional,"R 8669",8669,"Emmaboda station","56.629848,15.534933",2024-10-25T18:34:00+00:00,2024-10-25T18:34:00+00:00,"Karlskrona Central","56.166319,15.585255",2024-10-25T19:16:00+00:00,2024-10-25T19:16:00+00:00,42,52957,12,游땺游땺游땺,PRIVATE,
3685506,regional,"R 1149",1149,"Karlskrona Central","56.166319,15.585255",2024-10-29T18:48:00+00:00,2024-10-29T18:48:00+00:00,"Karlshamn Station","56.176774,14.867817",2024-10-29T19:36:00+00:00,2024-10-29T19:36:00+00:00,45,49099,11,"Den Heimatbesuch noch ein St칲ck begleiten",PRIVATE,"Sk친netrafiken 칐resundst친g"
3685817,regional,"R 1108",1108,"Karlshamn Station","56.176774,14.867817",2024-10-29T19:21:00+00:00,2024-10-29T19:21:00+00:00,"Karlskrona Central","56.166319,15.585255",2024-10-29T20:12:00+00:00,2024-10-29T20:12:00+00:00,42,49099,1,,PRIVATE,"Sk친netrafiken 칐resundst친g"
3721292,regional,"R 8640",8640,"Karlskrona Central","56.166319,15.585255",2024-11-04T11:42:00+00:00,2024-11-04T11:42:00+00:00,"Emmaboda station","56.629848,15.534933",2024-11-04T12:25:00+00:00,2024-11-04T12:25:00+00:00,43,52957,12,,PRIVATE,
3721561,regional,"R 327",327,"Emmaboda station","56.629848,15.534933",2024-11-04T12:30:00+00:00,2024-11-04T12:30:00+00:00,"Kalmar Central","56.661445,16.35963",2024-11-04T13:05:00+00:00,2024-11-04T13:05:00+00:00,35,56835,12,,PRIVATE,SJ
3759381,regional,"R 8628",8628,"Karlskrona Central","56.166319,15.585255",2024-11-10T08:42:00+00:00,2024-11-10T08:42:00+00:00,"Emmaboda station","56.629848,15.534933",2024-11-10T09:25:00+00:00,2024-11-10T09:25:00+00:00,43,52957,12,"Auf geht's 游
#SveNoFiLappland",PRIVATE,
3759616,regional,"R 332",332,"Emmaboda station","56.629848,15.534933",2024-11-10T09:30:00+00:00,2024-11-10T09:30:00+00:00,"Alvesta station","56.898482,14.55688",2024-11-10T10:19:00+00:00,2024-11-10T10:19:00+00:00,49,73838,14,#SveNoFiLappland,PRIVATE,SJ
3759919,nationalExpress,"X2 532",532,"Alvesta station","56.898482,14.55688",2024-11-10T10:28:00+00:00,2024-11-10T10:28:00+00:00,"Stockholm Central","59.33001,18.05763",2024-11-10T13:34:00+00:00,2024-11-10T13:34:00+00:00,186,358700,46,"Ich hab endlich mal den modernisierten X2 erwischt 游땘 
#SveNoFiLappland",PRIVATE,SJ
3762837,regionalExp,"D 94",94,"Stockholm Central","59.33001,18.05763",2024-11-10T17:08:00+00:00,2024-11-10T17:08:00+00:00,Narvik,"68.441701,17.441419",2024-11-11T11:40:00+00:00,2024-11-11T11:40:00+00:00,1112,1220931,131,"Und damit w칛re der bisherige Rekord f칲r die l칛ngste Zugfahrt meines Lebens um circa vier Stunden 칲berboten 游때
#SveNoFiLappland",PRIVATE,"Vy T친g"
3772723,regional,"R 95",95,Narvik,"68.441701,17.441419",2024-11-12T09:30:00+00:00,2024-11-12T09:30:00+00:00,"Kiruna Station","67.86827,20.199526",2024-11-12T12:49:00+00:00,2024-11-12T12:49:00+00:00,199,142174,21,"Wer kennt ihn nicht, der Vy Natt친g der um 10:30 beginnt 游뱘
#SveNoFiLappland",PRIVATE,Vy
3777495,regional,"R 7151",7151,"Kiruna Station","67.86827,20.199526",2024-11-13T04:51:00+00:00,2024-11-13T04:51:00+00:00,"Luleaa Central","65.584048,22.165664",2024-11-13T08:36:00+00:00,2024-11-13T08:36:00+00:00,225,309480,37,"Gro른r Hass f칲r das nicht vorhandene #CrossBorderRail 游뱗 zu dieser gottlosen Zeit losfahren, da es die einzige Verbindung des Tages ist. Es gibt zwar noch nen 2. Zug am Tag + Anschluss auf der anderen Seite, aber der kack Bus 칲ber die Grenze f칛hrt da nicht mehr游뗷
#SveNoFiLappland",PRIVATE,"Vy T친g"
3779224,regional,"R 7184",7184,"Luleaa Central","65.584048,22.165664",2024-11-13T10:21:00+00:00,2024-11-13T10:21:00+00:00,Haparanda,"65.828015,24.131012",2024-11-13T12:17:00+00:00,2024-11-13T12:17:00+00:00,116,145460,21,#SveNoFiLappland,PRIVATE,"Vy T친g"
3781305,bus,"North Travels",,Haparanda,"65.828015,24.131012",2024-11-13T15:05:00+00:00,2024-11-13T15:05:00+00:00,Kemi,"65.736676,24.574279",2024-11-13T15:40:00+00:00,2024-11-13T15:40:00+00:00,35,22651,0,"Junge ist das wild hier 游땐 einfach so ein Kleinbus und der Fahrer spricht kein Englisch 游뗻 es k칬nnte so entspannt sein wenn der Zug einfach noch das St칲ck 칲ber die Grenze fahren w칲rde 游뗶
#SveNoFiLappland",PRIVATE,
3782276,national,"IC 25",25,Kemi,"65.736676,24.574279",2024-11-13T17:05:00+00:00,2024-11-13T17:05:00+00:00,Rovaniemi,"66.498089,25.705365",2024-11-13T18:23:00+00:00,2024-11-13T18:23:00+00:00,78,113190,20,"Erstes Mal Breitspur 游
#SveNoFiLappland",PRIVATE,VR
3797740,national,"PYO 274",274,Rovaniemi,"66.498089,25.705365",2024-11-15T18:57:00+00:00,2024-11-15T18:57:00+00:00,Helsinki,"60.171742,24.941443",2024-11-16T07:15:00+00:00,2024-11-16T07:15:00+00:00,738,705265,0,"Diese Nachtz칲ge sind wirklich eine andere Liga 游땘
#SveNoFiLappland",PRIVATE,
3799908,suburban,"S P",8679,"Helsinki Pasila","60.198665,24.933488",2024-11-16T12:56:00+00:00,2024-11-16T12:56:00+00:00,Helsinki,"60.171742,24.941443",2024-11-16T13:01:00+00:00,2024-11-16T13:01:00+00:00,5,3048,4,#SveNoFiLappland,PRIVATE,VR
3800671,ferry,"Viking Cinderella",,Helsinki,"60.171742,24.941443",2024-11-16T15:15:00+00:00,2024-11-16T15:15:00+00:00,"Stockholm C","59.325281,17.999658",2024-11-17T08:00:00+00:00,2024-11-17T08:00:00+00:00,1145,400346,0,"Direkte Tramlinie vom Bahnhof zum F칛hranleger, so loben wir uns das! Ab nach Hause 游땩
#SveNoFiLappland",PRIVATE,
3807094,nationalExpress,"X2 505",505,"Stockholm Central","59.33001,18.05763",2024-11-17T16:02:00+00:00,2024-11-17T16:02:00+00:00,"Alvesta station","56.898482,14.55688",2024-11-17T18:52:00+00:00,2024-11-17T18:52:00+00:00,170,339964,44,"Ohne Zwischenhalt bis Alvesta 游땵
#SveNoFiLappland",PRIVATE,SJ
3808497,regional,"R 343",343,"Alvesta station","56.898482,14.55688",2024-11-17T19:38:00+00:00,2024-11-17T19:38:00+00:00,"Emmaboda station","56.629848,15.534933",2024-11-17T20:28:00+00:00,2024-11-17T20:28:00+00:00,50,73838,14,"Eieiei ist das Ding voll 游땹
#SveNoFiLappland",PRIVATE,SJ
3808700,regional,"R 8673",8673,"Emmaboda station","56.629848,15.534933",2024-11-17T20:34:00+00:00,2024-11-17T20:34:00+00:00,"Karlskrona Central","56.166319,15.585255",2024-11-17T21:16:00+00:00,2024-11-17T21:16:00+00:00,42,52957,12,#SveNoFiLappland,PRIVATE,
3836732,regional,"R 1061",1061,"Karlskrona Central","56.166319,15.585255",2024-11-22T07:48:00+00:00,2024-11-22T07:48:00+00:00,"Kopenhagen Hbf","55.672722,12.564618",2024-11-22T11:15:00+00:00,2024-11-22T11:15:00+00:00,195,245342,31,"Signalfel - Sen t친gv칛nd",PRIVATE,"Sk친netrafiken 칐resundst친g"
3838018,national,"IC 2917",2917,"Kopenhagen Hbf","55.672722,12.564618",2024-11-22T12:00:00+00:00,2024-11-22T12:00:00+00:00,"Hamburg Hbf","53.553533,10.00636",2024-11-22T17:06:00+00:00,2024-11-22T17:34:00+00:00,334,501252,59,"J@@@@@ es ist ne Gumminase 游땘 das muss man den D칛nen lassen, einfach mal schnell nen zweiten Zugteil an den IC nach Aarhus angeh칛ngt",PRIVATE,"D칛nische Staatsbahnen"
3841398,nationalExpress,"ICE 697",697,"Hamburg Hbf","53.553533,10.00636",2024-11-22T18:24:00+00:00,2024-11-22T18:25:00+00:00,"Heidelberg Hbf","49.403582,8.67548",2024-11-22T23:11:00+00:00,2024-11-22T23:16:00+00:00,291,592543,70,"Information zu Julian nach Geburtstagsfeier: heute ohne @marhei als Tf | heute ohne Halt in Mannheim Hbf | heute ohne Umleitung 칲ber RLP | heute mit alternativer Weiterbef칬rderung | heute circa 80 Minuten sp칛ter | heute zweiter Zugteil leer und verschlossen",PRIVATE,"DB Fernverkehr"
3842611,taxi,FGR,,"Heidelberg Hbf","49.403582,8.67548",2024-11-23T00:25:00+00:00,2024-11-23T00:25:00+00:00,"Speyer Hbf","49.324171,8.427926",2024-11-23T00:55:00+00:00,2024-11-23T00:55:00+00:00,30,20006,0,"Taxifahrer die innerorts 100 fahren, lieben wir 游뗷",PRIVATE,
3855408,nationalExpress,"ICE 694",694,"Mannheim Hbf","49.479181,8.469268",2024-11-25T06:31:00+00:00,2024-11-25T06:33:00+00:00,"Hamburg Hbf","53.553533,10.00636",2024-11-25T11:36:00+00:00,2024-11-25T11:39:00+00:00,306,630970,74,"Heute dann die andere Umleitung",PRIVATE,"DB Fernverkehr"
3857061,national,"EC 394",394,"Hamburg Hbf","53.553533,10.00636",2024-11-25T11:53:00+00:00,2024-11-25T11:58:00+00:00,"Kopenhagen Hbf","55.672722,12.564618",2024-11-25T16:55:00+00:00,2024-11-25T16:55:00+00:00,312,501254,59,"Heute leider keine Gumminase :(",PRIVATE,"DB Fernverkehr"
3859657,regional,"R 1116",1116,"Kopenhagen Hbf","55.672722,12.564618",2024-11-25T17:44:00+00:00,2024-11-25T17:44:00+00:00,"Karlskrona Central","56.166319,15.585255",2024-11-25T21:12:00+00:00,2024-11-25T21:12:00+00:00,208,245342,31,,PRIVATE,"Sk친netrafiken 칐resundst친g"
3890240,regional,"R 8644",8644,"Karlskrona Central","56.166319,15.585255",2024-11-30T12:42:00+00:00,2024-11-30T12:42:00+00:00,"Emmaboda station","56.629848,15.534933",2024-11-30T13:25:00+00:00,2024-11-30T13:25:00+00:00,43,52957,12,"Auf zum Weihnachtsmarkt!",PRIVATE,
3892491,regional,"R 1056",1056,"Emmaboda station","56.629848,15.534933",2024-11-30T13:30:00+00:00,2024-11-30T13:30:00+00:00,"Kalmar Central","56.661445,16.35963",2024-11-30T13:59:00+00:00,2024-11-30T13:59:00+00:00,29,56835,1,,PRIVATE,"Sk친netrafiken 칐resundst친g"
3892501,regional,"R 1145",1145,"Kalmar Central","56.661445,16.35963",2024-11-30T18:00:00+00:00,2024-11-30T18:00:00+00:00,"Emmaboda station","56.629848,15.534933",2024-11-30T18:30:00+00:00,2024-11-30T18:30:00+00:00,30,56836,12,"Letzte Verbindung des Tages mit 65 Minuten Umsteigezeit 游뗶",PRIVATE,"Sk친netrafiken 칐resundst친g"
3897312,regional,"R 8669",8669,"Emmaboda station","56.629848,15.534933",2024-11-30T19:34:00+00:00,2024-11-30T19:34:00+00:00,"Karlskrona Central","56.166319,15.585255",2024-11-30T20:16:00+00:00,2024-11-30T20:16:00+00:00,42,52957,1,,PRIVATE,
3927112,regional,"R 8628",8628,"Karlskrona Central","56.166319,15.585255",2024-12-06T08:42:00+00:00,2024-12-06T08:42:00+00:00,"Emmaboda station","56.629848,15.534933",2024-12-06T09:25:00+00:00,2024-12-06T09:25:00+00:00,43,52957,12,,PRIVATE,
3927137,regional,"R 332",332,"Emmaboda station","56.629848,15.534933",2024-12-06T09:30:00+00:00,2024-12-06T09:30:00+00:00,"G칬teborg Central","57.709309,11.973425",2024-12-06T12:55:00+00:00,2024-12-06T12:55:00+00:00,205,294133,36,"Auf zum Weihnachtsmarkt!",PRIVATE,SJ
3935339,regional,"R 1103",1103,"G칬teborg Central","57.709309,11.973425",2024-12-07T12:40:00+00:00,2024-12-07T12:40:00+00:00,"Malm칬 Central","55.609231,13.00126",2024-12-07T15:48:00+00:00,2024-12-07T15:48:00+00:00,188,272210,34,"TIL dass die Schweden ihre d칛mlichen Pflichtreservierungen nur bis eine Stunde vor Abfahrt verkaufen 游뗷游뗷游뗷damit jetzt also bei Plan D angekommen",PRIVATE,"Sk친netrafiken 칐resundst친g"
3938191,regional,"R 1116",1116,"Malm칬 Central","55.609231,13.00126",2024-12-07T18:27:00+00:00,2024-12-07T18:27:00+00:00,"H칛ssleholm Central","56.158517,13.763923",2024-12-07T19:11:00+00:00,2024-12-07T19:11:00+00:00,44,83167,15,"Hier ist echt h칛ufiger SEV als dass mal ein Zug durchf칛hrt 游땴",PRIVATE,"Sk친netrafiken 칐resundst친g"
3938635,regional,Bus51116,51116,"H칛ssleholm Central","56.158517,13.763923",2024-12-07T19:21:00+00:00,2024-12-07T19:21:00+00:00,"Kristianstad Central","56.031778,14.151053",2024-12-07T19:56:00+00:00,2024-12-07T19:56:00+00:00,748,29616,9,"Ein Reisebus f칲r ne doppelte Gumminase reicht auch nur gerade so",PRIVATE,"Sk친netrafiken 칐resundst친g"
3938990,regional,"R 1124",1124,"Kristianstad Central","56.031778,14.151053",2024-12-07T20:39:00+00:00,2024-12-07T20:39:00+00:00,"Karlskrona Central","56.166319,15.585255",2024-12-07T22:12:00+00:00,2024-12-07T22:12:00+00:00,93,102642,17,"58min Aufenthalt wurden Ihnen pr칛sentiert von Z칲gen die auf beiden Seiten des SEV nach normalem Fahrplan verkehren und somit nicht erreicht werden k칬nnen 游뗶",PRIVATE,"Sk친netrafiken 칐resundst친g"
3980977,regional,"R 8628",8628,"Karlskrona Central","56.166319,15.585255",2024-12-14T08:42:00+00:00,2024-12-14T08:42:00+00:00,"Emmaboda station","56.629848,15.534933",2024-12-14T09:25:00+00:00,2024-12-14T09:25:00+00:00,43,52957,12,"Ahhh warum sind meine Samstage aktuell so cursed dass ich immer Z칲ge verpasse? Hab den Takt vorher gerade noch abfahren sehen 游",PRIVATE,
3981590,regional,"R 332",332,"Emmaboda station","56.629848,15.534933",2024-12-14T09:30:00+00:00,2024-12-14T09:30:00+00:00,"Alvesta station","56.898482,14.55688",2024-12-14T10:19:00+00:00,2024-12-14T10:19:00+00:00,49,73838,14,,PRIVATE,SJ
3981789,nationalExpress,"X2 532",532,"Alvesta station","56.898482,14.55688",2024-12-14T10:28:00+00:00,2024-12-14T10:28:00+00:00,"Stockholm Central","59.33001,18.05763",2024-12-14T13:34:00+00:00,2024-12-14T13:34:00+00:00,186,358700,46,"Wenigstens modernisierter X2 als Entsch칛digung 游봃",PRIVATE,SJ
3998113,nationalExpress,"X2 541",541,"Stockholm Central","59.33001,18.05763",2024-12-16T15:17:00+00:00,2024-12-16T15:17:00+00:00,"Alvesta station","56.898482,14.55688",2024-12-16T18:31:00+00:00,2024-12-16T18:31:00+00:00,304,367156,47,"Na dann fahren wir doch mal bis zur Streckensperrung in Norrk칬ping",PRIVATE,SJ
4000339,regional,"R 1120",1120,"Alvesta station","56.898482,14.55688",2024-12-16T20:40:00+00:00,2024-12-16T20:40:00+00:00,"Emmaboda station","56.629848,15.534933",2024-12-16T21:28:00+00:00,2024-12-16T21:28:00+00:00,43,73838,14,"Auf zu einer weiteren Ausgabe von ""Taxifahrt powered by SJ"" 游",PRIVATE,"Sk친netrafiken 칐resundst친g"
4000577,taxi,FGR,,Emmaboda,"56.629848,15.534933",2024-12-16T22:45:00+00:00,2024-12-16T22:45:00+00:00,"Karlskrona C","56.166319,15.585255",2024-12-16T23:40:00+00:00,2024-12-16T23:40:00+00:00,55,51693,0,"Mal wieder zu sechst in einem Taxi 游
Vielleicht h칛tte ich es doch riskieren sollen 칲ber H칛ssleholm zu fahren, w칛re auf jeden Fall komfortabler gewesen und auch nur ne halbe Stunde langsamer 游뗻",PRIVATE,
4010823,regional,R,1069,"Karlskrona C","56.166319,15.585255",2024-12-18T08:47:00+00:00,2024-12-18T08:47:00+00:00,"Malm칬 C","55.609239,13.00126",2024-12-18T11:33:00+00:00,2024-12-18T11:33:00+00:00,196,172814,0,"Pofallawende in Malm칬 C 游뗷",PRIVATE,
4011278,regional,"R 1075",,"Malm칬 C","55.609239,13.00126",2024-12-18T12:20:00+00:00,2024-12-18T12:20:00+00:00,"Kobenhavn H","55.672721,12.564618",2024-12-18T12:57:00+00:00,2024-12-18T12:57:00+00:00,37,28328,0,"RIP IKEA-Mittagessen",PRIVATE,
4012458,national,"EC 397",397,"Kobenhavn H","55.672721,12.564618",2024-12-18T13:22:00+00:00,2024-12-18T13:22:00+00:00,"Hamburg Hbf","53.553533,10.00636",2024-12-18T18:00:00+00:00,2024-12-18T18:00:00+00:00,278,287793,0,"Wann kommen endlich die Talgos 游땴",PRIVATE,
4014176,nationalExpress,"ICE 699",699,"Hamburg Hbf","53.553533,10.00636",2024-12-18T18:37:00+00:00,2024-12-18T18:38:00+00:00,"Berlin Hbf","52.3928,13.036498",2024-12-18T20:22:00+00:00,2024-12-18T20:25:00+00:00,107,287464,39,"699, lieben wir | dann testen wir doch mal die frisch sanierte Strecke nach Berlin",PRIVATE,"DB Fernverkehr"
4014740,regional,"RE 1",73791,"Berlin Hbf","52.524924,13.369629",2024-12-18T20:41:00+00:00,2024-12-18T20:41:00+00:00,"Potsdam Hbf","52.391551,13.066711",2024-12-18T21:05:00+00:00,2024-12-18T21:10:00+00:00,29,27484,9,"Heute hat die DB echt mal wieder abgeliefert :O",PRIVATE,"Ostdeutsche Eisenbahn GmbH"
4014877,tram,"STR 99",2590,"Hauptbahnhof (S), Potsdam","52.390985,13.065758",2024-12-18T21:14:00+00:00,2024-12-18T21:14:00+00:00,"Plantagenstr., Potsdam","52.392396,13.103279",2024-12-18T21:27:00+00:00,2024-12-18T21:28:00+00:00,14,4882,3,"Der Anschluss hat auch nur funktioniert weil ich zuf칛llig an der richtigen T칲r stand",PRIVATE,
4016732,tram,"STR 99",2647,"Plantagenstr., Potsdam","52.392396,13.103279",2024-12-19T07:34:00+00:00,2024-12-19T07:34:00+00:00,"Platz der Einheit/Nord, Potsdam","52.39921,13.058639",2024-12-19T07:45:00+00:00,2024-12-19T07:46:00+00:00,12,3642,3,,PRIVATE,
4016735,tram,"STR 96",2247,"Platz der Einheit/West, Potsdam","52.398832,13.057928",2024-12-19T07:47:00+00:00,2024-12-19T07:49:00+00:00,"Campus Jungfernsee, Potsdam","52.432353,13.053506",2024-12-19T08:02:00+00:00,2024-12-19T08:04:00+00:00,15,4416,3,"Tatra 游봃",PRIVATE,
4019319,tram,"STR 96",2413,"Campus Jungfernsee, Potsdam","52.432353,13.053506",2024-12-19T14:13:00+00:00,2024-12-19T14:13:00+00:00,"Hauptbahnhof (S), Potsdam","52.390985,13.065758",2024-12-19T14:32:00+00:00,2024-12-19T14:32:00+00:00,19,5483,3,"Der Takt vorher hat mir die Nase direkt vor der T칲r zugemacht 游뗷",PRIVATE,
4019598,regional,"RB 23",18163,"Potsdam Hbf","52.391551,13.066711",2024-12-19T14:42:00+00:00,2024-12-19T14:45:00+00:00,Berlin-Wannsee,"52.420955,13.179696",2024-12-19T14:50:00+00:00,2024-12-19T14:54:00+00:00,9,8944,7,"Mal wieder 칲berf칲llt die Kiste",PRIVATE,"DB Regio Nordost"
4019709,regional,"RE 1",73734,Berlin-Wannsee,"52.420955,13.179696",2024-12-19T14:40:00+00:00,2024-12-19T14:40:00+00:00,"Berlin Hbf","52.524924,13.369629",2024-12-19T14:57:00+00:00,2024-12-19T14:57:00+00:00,2,18549,8,"칖berf칲llungsvermeidungsma릁ahme | edit: ja gut Wagen 2 abgesperrt, die Kiste ist noch voller. Immerhin sammelt der Hamster vor uns die ganzen Leute auf der Stadtbahn ein",PRIVATE,"Ostdeutsche Eisenbahn GmbH"
4020048,tram,"STR M8",34894,"Berlin Hbf","52.524924,13.369629",2024-12-19T15:27:00+00:00,2024-12-19T15:27:00+00:00,"Naturkundemuseum [Invalidenstr.] (U), Berlin","52.530336,13.382232",2024-12-19T15:32:00+00:00,2024-12-19T15:32:00+00:00,5,971,3,,PRIVATE,
4020830,subway,"U 6",14439,"Naturkundemuseum (U), Berlin","52.531244,13.382223",2024-12-19T16:49:00+00:00,2024-12-19T16:49:00+00:00,"Friedrichstr. Bahnhof (S+U), Berlin","52.520403,13.388246",2024-12-19T16:52:00+00:00,2024-12-19T16:52:00+00:00,3,1304,3,,PRIVATE,
4020934,regional,"RE 1",73743,"Berlin Friedrichstra른","52.520331,13.386925",2024-12-19T16:57:00+00:00,2024-12-19T17:07:00+00:00,"Potsdam Hbf","52.391551,13.066711",2024-12-19T17:29:00+00:00,2024-12-19T17:34:00+00:00,27,29030,9,,PRIVATE,"Ostdeutsche Eisenbahn GmbH"
4022254,tram,"STR 99",2590,"Hauptbahnhof (S), Potsdam","52.390985,13.065758",2024-12-19T21:14:00+00:00,2024-12-19T21:14:00+00:00,"Plantagenstr., Potsdam","52.392396,13.103279",2024-12-19T21:27:00+00:00,2024-12-19T21:28:00+00:00,14,4882,3,,PRIVATE,
4024351,tram,"STR 99",1377,"Plantagenstr., Potsdam","52.392396,13.103279",2024-12-20T09:14:00+00:00,2024-12-20T09:14:00+00:00,"Babelsberg (S)/Wattstr., Potsdam","52.391623,13.094335",2024-12-20T09:16:00+00:00,2024-12-20T09:16:00+00:00,2,614,3,,PRIVATE,
4024394,suburban,"S 7",7072,Potsdam-Babelsberg,"52.391353,13.093049",2024-12-20T09:20:00+00:00,2024-12-20T09:21:00+00:00,"Potsdam Hbf (S)","52.391713,13.067727",2024-12-20T09:22:00+00:00,2024-12-20T09:23:00+00:00,2,1734,4,,PRIVATE,"S-Bahn Berlin GmbH"
4024634,tram,"STR 92",613,"Hauptbahnhof (S), Potsdam","52.390985,13.065758",2024-12-20T09:27:00+00:00,2024-12-20T09:27:00+00:00,"Friedh칬fe, Potsdam","52.385672,13.072347",2024-12-20T09:29:00+00:00,2024-12-20T09:29:00+00:00,2,742,3,,PRIVATE,
4024636,tram,"STR 92",373,"Friedh칬fe, Potsdam","52.385672,13.072347",2024-12-20T09:53:00+00:00,2024-12-20T09:54:00+00:00,"Hauptbahnhof (S), Potsdam","52.390985,13.065758",2024-12-20T09:57:00+00:00,2024-12-20T09:58:00+00:00,4,742,3,,PRIVATE,
4024739,suburban,"S 7",7551,"Potsdam Hbf (S)","52.391713,13.067727",2024-12-20T10:11:00+00:00,2024-12-20T10:11:00+00:00,"Berlin Hbf","52.524924,13.369629",2024-12-20T10:48:00+00:00,2024-12-20T10:48:00+00:00,37,28015,6,,PRIVATE,"S-Bahn Berlin GmbH"
4026717,suburban,"S 9",9391,"Berlin Hbf","52.524924,13.369629",2024-12-20T13:26:00+00:00,2024-12-20T13:26:00+00:00,"Berlin Alexanderplatz","52.521526,13.411088",2024-12-20T13:32:00+00:00,2024-12-20T13:32:00+00:00,6,3299,4,,PRIVATE,"S-Bahn Berlin GmbH"
4028106,regional,"RB 23",18162,"Berlin Alexanderplatz","52.521526,13.411088",2024-12-20T15:42:00+00:00,2024-12-20T15:42:00+00:00,"Berlin Hbf","52.524924,13.369629",2024-12-20T15:48:00+00:00,2024-12-20T15:48:00+00:00,6,3333,7,,PRIVATE,"DB Regio Nordost"
4028571,regional,"RE 2",3127,"Berlin Hbf","52.524924,13.369629",2024-12-20T16:37:00+00:00,2024-12-20T16:37:00+00:00,"Berlin Zoologischer Garten","52.507242,13.332414",2024-12-20T16:42:00+00:00,2024-12-20T16:42:00+00:00,5,3597,7,,PRIVATE,"DB Regio Nordost"
4028588,regional,"RE 4",3170,"Berlin Hbf","52.3928,13.036498",2024-12-20T11:03:00+00:00,2024-12-20T11:04:00+00:00,"Berlin S칲dkreuz","52.47623,13.365863",2024-12-20T11:11:00+00:00,2024-12-20T11:11:00+00:00,7,5785,1,,PRIVATE,"DB Regio Nordost"
4029148,regional,"RE 1",73785,"Berlin Zoologischer Garten","52.507242,13.332414",2024-12-20T17:47:00+00:00,2024-12-20T17:48:00+00:00,"Potsdam Hbf","52.391551,13.066711",2024-12-20T18:05:00+00:00,2024-12-20T18:06:00+00:00,18,23887,9,,PRIVATE,"Ostdeutsche Eisenbahn GmbH"
4029308,suburban,"S 7",7599,"Potsdam Hbf (S)","52.391713,13.067727",2024-12-20T18:11:00+00:00,2024-12-20T18:11:00+00:00,Potsdam-Babelsberg,"52.391353,13.093049",2024-12-20T18:14:00+00:00,2024-12-20T18:14:00+00:00,3,1734,4,,PRIVATE,"S-Bahn Berlin GmbH"
4029365,tram,"STR 94",17,"Babelsberg (S)/Wattstr., Potsdam","52.391623,13.094335",2024-12-20T18:07:00+00:00,2024-12-20T18:18:00+00:00,"Plantagenstr., Potsdam","52.392396,13.103279",2024-12-20T18:09:00+00:00,2024-12-20T18:20:00+00:00,2,614,3,,PRIVATE,
4036013,tram,"STR 94",21,"Plantagenstr., Potsdam","52.392396,13.103279",2024-12-21T16:44:00+00:00,2024-12-21T16:44:00+00:00,"Luisenplatz-S칲d/Park Sanssouci, Potsdam","52.398617,13.047717",2024-12-21T16:58:00+00:00,2024-12-21T16:58:00+00:00,14,4469,3,,PRIVATE,
4036970,tram,"STR 96",1186,"Brandenburger Str., Potsdam","52.400891,13.057722",2024-12-21T18:55:00+00:00,2024-12-21T18:55:00+00:00,"Hauptbahnhof (S), Potsdam","52.390985,13.065758",2024-12-21T19:02:00+00:00,2024-12-21T19:03:00+00:00,8,1371,3,,PRIVATE,
4036973,suburban,"S 7",7605,"Potsdam Hbf (S)","52.391713,13.067727",2024-12-21T19:11:00+00:00,2024-12-21T19:11:00+00:00,Potsdam-Babelsberg,"52.391353,13.093049",2024-12-21T19:14:00+00:00,2024-12-21T19:14:00+00:00,3,1734,4,,PRIVATE,"S-Bahn Berlin GmbH"
4037055,tram,"STR 99",1337,"Babelsberg (S)/Wattstr., Potsdam","52.391623,13.094335",2024-12-21T19:26:00+00:00,2024-12-21T19:27:00+00:00,"Plantagenstr., Potsdam","52.392396,13.103279",2024-12-21T19:27:00+00:00,2024-12-21T19:29:00+00:00,2,614,3,,PRIVATE,
4038850,bus,"Bus 694",265,"Plantagenstr., Potsdam","52.392396,13.103279",2024-12-22T08:55:00+00:00,2024-12-22T08:56:00+00:00,"Griebnitzsee Bahnhof (S), Potsdam","52.39387,13.128746",2024-12-22T09:02:00+00:00,2024-12-22T09:03:00+00:00,7,1778,3,,PRIVATE,
4038868,suburban,"S 7",7079,"Potsdam Griebnitzsee (S)","52.394392,13.128638",2024-12-22T09:07:00+00:00,2024-12-22T09:07:00+00:00,"Berlin Hbf","52.524924,13.369629",2024-12-22T09:38:00+00:00,2024-12-22T09:38:00+00:00,31,23843,6,,PRIVATE,"S-Bahn Berlin GmbH"
4039083,nationalExpress,"ICE 640",640,"Berlin Hbf","52.524924,13.369629",2024-12-22T09:46:00+00:00,2024-12-22T09:48:00+00:00,"Hannover Hbf","52.377079,9.741763",2024-12-22T11:28:00+00:00,2024-12-22T11:28:00+00:00,100,256112,36,"402 游땴游땴游땴",PRIVATE,"DB Fernverkehr"
4039993,nationalExpress,"ICE 577",577,"Hannover Hbf","52.377079,9.741763",2024-12-22T11:41:00+00:00,2024-12-22T12:04:00+00:00,"Mannheim Hbf","49.479181,8.469268",2024-12-22T14:56:00+00:00,2024-12-22T15:13:00+00:00,189,422865,53,"Neue Riedbahn angucken :blob_rainbowheart:",PRIVATE,"DB Fernverkehr"
4045234,regional,"RE 4",4472,"Speyer Hbf","49.324171,8.427926",2024-12-23T09:47:00+00:00,2024-12-23T09:50:00+00:00,Frankfurt-H칬chst,"50.102754,8.542449",2024-12-23T11:14:00+00:00,2024-12-23T11:14:00+00:00,84,118934,18,"S칖WEX :blob_rainbowheart: 
(das S steht f칲r Sardinenb칲chse, der Zug ist wie 칲blich komplett 칲berbesetzt)",PRIVATE,"DB Regio Mitte"
4045972,regional,"RB 22",15258,Frankfurt-H칬chst,"50.102754,8.542449",2024-12-23T11:39:00+00:00,2024-12-23T11:45:00+00:00,Limburg(Lahn),"50.38435,8.062533",2024-12-23T12:41:00+00:00,2024-12-23T12:41:00+00:00,56,60542,13,"Zwei Minuten vor Abfahrt Gleiswechsel von 10 auf 3 auch sportlich",PRIVATE,"DB Regio Mitte"
4049109,regional,"RB 22",15277,Limburg(Lahn),"50.38435,8.062533",2024-12-23T17:19:00+00:00,2024-12-23T17:19:00+00:00,Niedernhausen(Taunus),"50.159988,8.312388",2024-12-23T17:58:00+00:00,2024-12-23T18:00:00+00:00,41,37787,10,,PRIVATE,"DB Regio Mitte"
4049143,regional,"HLB RB21",25665,Niedernhausen(Taunus),"50.159988,8.312388",2024-12-23T18:05:00+00:00,2024-12-23T18:05:00+00:00,"Wiesbaden Hbf","50.070788,8.243728",2024-12-23T18:28:00+00:00,2024-12-23T18:28:00+00:00,23,19705,8,"Meine erste Fahrt mit der h칛sslichen Landesbahn 游",PRIVATE,"HLB Hessenbahn GmbH"
4049321,regional,"HLB RB75",28731,"Wiesbaden Hbf","50.070788,8.243728",2024-12-23T18:36:00+00:00,2024-12-23T18:37:00+00:00,"Mainz Hbf","50.001239,8.258453",2024-12-23T18:48:00+00:00,2024-12-23T18:48:00+00:00,11,9491,7,"Dann h칛tten wir dieses Wiesbaden auch mal gesehen 游 (aber kein @_Hemmschuh in Sicht)",PRIVATE,"HLB Hessenbahn GmbH"
4049901,regional,"RE 4",4485,"Mainz Hbf","50.001239,8.258453",2024-12-23T19:13:00+00:00,2024-12-23T19:13:00+00:00,"Speyer Hbf","49.324171,8.427926",2024-12-23T20:12:00+00:00,2024-12-23T20:32:00+00:00,79,87503,15,,PRIVATE,"DB Regio Mitte"
4059492,nationalExpress,"ICE 578",578,"Mannheim Hbf","49.479181,8.469268",2024-12-26T11:03:00+00:00,2024-12-26T11:04:00+00:00,"Hamburg Hbf","53.553533,10.00636",2024-12-26T16:13:00+00:00,2024-12-26T16:23:00+00:00,319,601252,71,"Das Chaos ruft",PRIVATE,"DB Fernverkehr"
4061843,suburban,"S 2",42180,"Hamburg Hbf","53.553533,10.00636",2024-12-26T16:58:00+00:00,2024-12-26T16:58:00+00:00,Hamburg-Sternschanze,"53.563762,9.965846",2024-12-26T17:03:00+00:00,2024-12-26T17:03:00+00:00,5,3332,4,"Wegen Feuerwehreinsatz ohne Halt in Dammtor 游",PRIVATE,"S-Bahn Hamburg GmbH"
4063051,subway,"U 1",3768,"Stephansplatz (Oper/CCH), Hamburg","53.558549,9.989317",2024-12-26T21:52:00+00:00,2024-12-26T21:52:00+00:00,"Kellinghusenstra른, Hamburg","53.588968,9.991151",2024-12-26T21:58:00+00:00,2024-12-26T21:58:00+00:00,6,3744,3,,PRIVATE,
4063062,subway,"U 3",16481,"Kellinghusenstra른, Hamburg","53.588968,9.991151",2024-12-26T21:58:00+00:00,2024-12-26T21:58:00+00:00,"Borgweg (Stadtpark), Hamburg","53.590766,10.014603",2024-12-26T22:01:00+00:00,2024-12-26T22:01:00+00:00,3,1568,3,,PRIVATE,
4065379,subway,"U 3",18478,"Borgweg (Stadtpark), Hamburg","53.590766,10.014603",2024-12-27T10:16:00+00:00,2024-12-27T10:16:00+00:00,"Kellinghusenstra른, Hamburg","53.588968,9.991151",2024-12-27T10:19:00+00:00,2024-12-27T10:19:00+00:00,3,1568,3,,PRIVATE,
4065453,subway,"U 1",6184,"Kellinghusenstra른, Hamburg","53.588968,9.991151",2024-12-27T10:19:00+00:00,2024-12-27T10:19:00+00:00,"Stephansplatz (Oper/CCH), Hamburg","53.558549,9.989317",2024-12-27T10:25:00+00:00,2024-12-27T10:25:00+00:00,6,3744,3,,PRIVATE,
4070989,subway,"U 1",6560,"Stephansplatz (Oper/CCH), Hamburg","53.558549,9.989317",2024-12-28T00:22:00+00:00,2024-12-28T00:22:00+00:00,"Kellinghusenstra른, Hamburg","53.588968,9.991151",2024-12-28T00:28:00+00:00,2024-12-28T00:28:00+00:00,6,3744,3,,PRIVATE,
4070990,subway,"U 3",19305,"Kellinghusenstra른, Hamburg","53.588968,9.991151",2024-12-28T00:28:00+00:00,2024-12-28T00:28:00+00:00,"Borgweg (Stadtpark), Hamburg","53.590766,10.014603",2024-12-28T00:31:00+00:00,2024-12-28T00:31:00+00:00,3,1568,3,,PRIVATE,
4072719,subway,"U 3",18561,"Borgweg (Stadtpark), Hamburg","53.590766,10.014603",2024-12-28T10:16:00+00:00,2024-12-28T10:16:00+00:00,"Kellinghusenstra른, Hamburg","53.588968,9.991151",2024-12-28T10:19:00+00:00,2024-12-28T10:19:00+00:00,3,1568,3,,PRIVATE,
4072721,subway,"U 1",6184,"Kellinghusenstra른, Hamburg","53.588968,9.991151",2024-12-28T10:19:00+00:00,2024-12-28T10:19:00+00:00,"Stephansplatz (Oper/CCH), Hamburg","53.558549,9.989317",2024-12-28T10:25:00+00:00,2024-12-28T10:25:00+00:00,6,3744,3,,PRIVATE,
4078366,subway,"U 1",6290,"Stephansplatz (Oper/CCH), Hamburg","53.558549,9.989317",2024-12-29T02:02:00+00:00,2024-12-29T02:03:00+00:00,"Kellinghusenstra른, Hamburg","53.588968,9.991151",2024-12-29T02:08:00+00:00,2024-12-29T02:08:00+00:00,5,3744,3,,PRIVATE,
4078374,subway,"U 3",19170,"Kellinghusenstra른, Hamburg","53.588968,9.991151",2024-12-29T02:08:00+00:00,2024-12-29T02:08:00+00:00,"Borgweg (Stadtpark), Hamburg","53.590766,10.014603",2024-12-29T02:11:00+00:00,2024-12-29T02:11:00+00:00,3,1568,3,,PRIVATE,
4080276,subway,"U 3",18376,"Borgweg (Stadtpark), Hamburg","53.590766,10.014603",2024-12-29T11:51:00+00:00,2024-12-29T11:51:00+00:00,"Kellinghusenstra른, Hamburg","53.588968,9.991151",2024-12-29T11:54:00+00:00,2024-12-29T11:54:00+00:00,3,1568,3,,PRIVATE,
4080281,subway,"U 1",5885,"Kellinghusenstra른, Hamburg","53.588968,9.991151",2024-12-29T11:54:00+00:00,2024-12-29T11:54:00+00:00,"Stephansplatz (Oper/CCH), Hamburg","53.558549,9.989317",2024-12-29T12:00:00+00:00,2024-12-29T12:00:00+00:00,6,3744,3,,PRIVATE,
4087411,subway,"U 3",18383,"Borgweg (Stadtpark), Hamburg","53.590766,10.014603",2024-12-30T13:01:00+00:00,2024-12-30T13:01:00+00:00,"Kellinghusenstra른, Hamburg","53.588968,9.991151",2024-12-30T13:04:00+00:00,2024-12-30T13:04:00+00:00,3,1568,3,,PRIVATE,
4087418,subway,"U 1",6114,"Kellinghusenstra른, Hamburg","53.588968,9.991151",2024-12-30T13:04:00+00:00,2024-12-30T13:04:00+00:00,"Stephansplatz (Oper/CCH), Hamburg","53.558549,9.989317",2024-12-30T13:10:00+00:00,2024-12-30T13:10:00+00:00,6,3744,3,,PRIVATE,
4089428,suburban,"S 2",42677,"Hamburg Dammtor","53.560841,9.989533",2024-12-30T16:37:00+00:00,2024-12-30T16:37:00+00:00,"Hamburg Hbf","53.553533,10.00636",2024-12-30T16:39:00+00:00,2024-12-30T16:39:00+00:00,2,1503,4,,PRIVATE,"S-Bahn Hamburg GmbH"
4089709,regional,"RE 8",11428,"Hamburg Hbf","53.553533,10.00636",2024-12-30T17:06:00+00:00,2024-12-30T17:06:00+00:00,"L칲beck Hbf","53.86767,10.669737",2024-12-30T17:52:00+00:00,2024-12-30T17:52:00+00:00,46,62689,13,,PRIVATE,"DB Regio Nord"
4090163,bus,"Bus 10",1427,"ZOB/Hauptbahnhof, L칲beck","53.86598,10.670789",2024-12-30T18:01:00+00:00,2024-12-30T18:02:00+00:00,"Grootkoppel 1, L칲beck","53.869989,10.742676",2024-12-30T18:22:00+00:00,2024-12-30T18:24:00+00:00,22,5596,3,"Elektrobus! Ich arbeite als Elektrobus 游꿨",PRIVATE,
4091022,bus,"Bus 10",1281,"Grootkoppel 1, L칲beck","53.869989,10.742676",2024-12-30T20:08:00+00:00,2024-12-30T20:10:00+00:00,"Heinrichstra른, L칲beck","53.874574,10.712193",2024-12-30T20:14:00+00:00,2024-12-30T20:15:00+00:00,5,2077,3,,PRIVATE,
4091443,bus,"Bus 11",1537,"Dr칛gerpark, L칲beck","53.871248,10.711276",2024-12-30T21:36:00+00:00,2024-12-30T21:37:00+00:00,"ZOB/Hauptbahnhof, L칲beck","53.86598,10.670789",2024-12-30T21:51:00+00:00,2024-12-30T21:52:00+00:00,15,4103,3,,PRIVATE,
4091667,regional,"RE 8",11439,"L칲beck Hbf","53.86767,10.669737",2024-12-30T22:00:00+00:00,2024-12-30T22:00:00+00:00,"Hamburg Hbf","53.553533,10.00636",2024-12-30T22:53:00+00:00,2024-12-30T22:53:00+00:00,49,62687,13,,PRIVATE,"DB Regio Nord"
4091669,subway,"U 1",6587,"Hamburg Hbf","53.553533,10.00636",2024-12-30T22:56:00+00:00,2024-12-30T22:57:00+00:00,"Kellinghusenstra른, Hamburg","53.588968,9.991151",2024-12-30T23:08:00+00:00,2024-12-30T23:08:00+00:00,11,5616,3,,PRIVATE,
4091696,subway,"U 3",19742,"Kellinghusenstra른, Hamburg","53.588968,9.991151",2024-12-30T23:08:00+00:00,2024-12-30T23:08:00+00:00,"Borgweg (Stadtpark), Hamburg","53.590766,10.014603",2024-12-30T23:11:00+00:00,2024-12-30T23:11:00+00:00,3,1568,3,,PRIVATE,
4093881,subway,"U 3",15825,"Borgweg (Stadtpark), Hamburg","53.590766,10.014603",2024-12-31T12:11:00+00:00,2024-12-31T12:11:00+00:00,"Kellinghusenstra른, Hamburg","53.588968,9.991151",2024-12-31T12:14:00+00:00,2024-12-31T12:14:00+00:00,3,1568,3,,PRIVATE,
4093888,subway,"U 1",3239,"Kellinghusenstra른, Hamburg","53.588968,9.991151",2024-12-31T12:14:00+00:00,2024-12-31T12:14:00+00:00,"Hamburg Hbf","53.553533,10.00636",2024-12-31T12:27:00+00:00,2024-12-31T12:27:00+00:00,13,5616,3,,PRIVATE,
4094866,nationalExpress,"ICE 709",709,"Hamburg Hbf","53.553533,10.00636",2024-12-31T12:36:00+00:00,2024-12-31T12:37:00+00:00,"Berlin Hbf","52.3928,13.036498",2024-12-31T14:22:00+00:00,2024-12-31T14:22:00+00:00,105,287464,39,"Sch칬n war's, bis zum n칛chsten Congress 游녦游낖",PRIVATE,"DB Fernverkehr"
4095326,regional,"RE 1",73779,"Berlin Hbf","52.524924,13.369629",2024-12-31T14:41:00+00:00,2024-12-31T14:41:00+00:00,"Potsdam Hbf","52.391551,13.066711",2024-12-31T15:05:00+00:00,2024-12-31T15:06:00+00:00,25,28621,9,,PRIVATE,"Ostdeutsche Eisenbahn GmbH"
4095455,bus,"Bus 694",708,"Hauptbahnhof (S), Potsdam","52.390985,13.065758",2024-12-31T15:20:00+00:00,2024-12-31T15:21:00+00:00,"Plantagenstr., Potsdam","52.392396,13.103279",2024-12-31T15:35:00+00:00,2024-12-31T15:36:00+00:00,15,3233,3,,PRIVATE,
4110878,tram,"STR 96",2171,"Magnus-Zeller-Platz, Potsdam","52.375308,13.091153",2025-01-02T22:21:00+00:00,2025-01-02T22:21:00+00:00,"Johannes-Kepler-Platz, Potsdam","52.375505,13.128224",2025-01-02T22:27:00+00:00,2025-01-02T22:27:00+00:00,6,2577,3,,PRIVATE,
4110882,bus,"Bus 694",2272,"Johannes-Kepler-Platz, Potsdam","52.375505,13.128224",2025-01-02T22:30:00+00:00,2025-01-02T22:30:00+00:00,"Griebnitzsee Bahnhof (S), Potsdam","52.39387,13.128746",2025-01-02T22:41:00+00:00,2025-01-02T22:42:00+00:00,12,3974,3,"Du wei릆 es ist Sp칛tverkehr wenn du den Bus auf dem gesamten Linienweg bef칛hrst",PRIVATE,
4110885,tram,"STR 99",2461,"Plantagenstr., Potsdam","52.392396,13.103279",2025-01-02T18:14:00+00:00,2025-01-02T18:14:00+00:00,"Rathaus Babelsberg, Potsdam","52.392189,13.091144",2025-01-02T18:17:00+00:00,2025-01-02T18:17:00+00:00,3,845,1,,PRIVATE,
4110886,suburban,"S 7",7126,Potsdam-Babelsberg,"52.391353,13.093049",2025-01-02T18:20:00+00:00,2025-01-02T18:21:00+00:00,"Potsdam Hbf (S)","52.391713,13.067727",2025-01-02T18:22:00+00:00,2025-01-02T18:22:00+00:00,1,1734,1,,PRIVATE,"S-Bahn Berlin GmbH"
4110888,tram,"STR 96",2168,"Hauptbahnhof (S), Potsdam","52.390985,13.065758",2025-01-02T19:25:00+00:00,2025-01-02T19:25:00+00:00,"Magnus-Zeller-Platz, Potsdam","52.375308,13.091153",2025-01-02T19:31:00+00:00,2025-01-02T19:31:00+00:00,6,2516,1,,PRIVATE,
4110914,suburban,"S 7",7152,"Potsdam Griebnitzsee (S)","52.394392,13.128638",2025-01-02T22:37:00+00:00,2025-01-02T22:43:00+00:00,Potsdam-Babelsberg,"52.391353,13.093049",2025-01-02T22:40:00+00:00,2025-01-02T22:46:00+00:00,3,2471,4,,PRIVATE,"S-Bahn Berlin GmbH"
4116431,tram,"STR 99",2428,"Plantagenstr., Potsdam","52.392396,13.103279",2025-01-03T16:34:00+00:00,2025-01-03T16:34:00+00:00,"Babelsberg (S)/Wattstr., Potsdam","52.391623,13.094335",2025-01-03T16:36:00+00:00,2025-01-03T16:36:00+00:00,2,614,3,,PRIVATE,
4116525,suburban,"S 7",7116,Potsdam-Babelsberg,"52.391353,13.093049",2025-01-03T16:40:00+00:00,2025-01-03T16:44:00+00:00,"Potsdam Hbf (S)","52.391713,13.067727",2025-01-03T16:42:00+00:00,2025-01-03T16:46:00+00:00,2,1734,4,,PRIVATE,"S-Bahn Berlin GmbH"
4116937,suburban,"S 7",7595,"Potsdam Hbf (S)","52.391713,13.067727",2025-01-03T17:31:00+00:00,2025-01-03T17:33:00+00:00,Potsdam-Babelsberg,"52.391353,13.093049",2025-01-03T17:34:00+00:00,2025-01-03T17:35:00+00:00,2,1734,4,,PRIVATE,"S-Bahn Berlin GmbH"
4116987,tram,"STR 99",2343,"Babelsberg (S)/Wattstr., Potsdam","52.391623,13.094335",2025-01-03T17:37:00+00:00,2025-01-03T17:38:00+00:00,"Plantagenstr., Potsdam","52.392396,13.103279",2025-01-03T17:39:00+00:00,2025-01-03T17:40:00+00:00,2,614,3,,PRIVATE,
4133148,bus,"Bus 616",1979,"Plantagenstr., Potsdam","52.392396,13.103279",2025-01-06T08:25:00+00:00,2025-01-06T08:25:00+00:00,"Griebnitzsee Bahnhof (S), Potsdam","52.39387,13.128746",2025-01-06T08:30:00+00:00,2025-01-06T08:30:00+00:00,5,1799,3,"Alles kaputt heute 游땻꽳눪",PRIVATE,
4133153,suburban,"S 7",7068,"Potsdam Griebnitzsee (S)","52.394392,13.128638",2025-01-06T08:37:00+00:00,2025-01-06T08:40:00+00:00,"Potsdam Hbf (S)","52.391713,13.067727",2025-01-06T08:42:00+00:00,2025-01-06T08:46:00+00:00,6,4201,4,,PRIVATE,"S-Bahn Berlin GmbH"
4133212,regional,"RE 1",73764,"Potsdam Hbf","52.391551,13.066711",2025-01-06T08:50:00+00:00,2025-01-06T08:53:00+00:00,"Berlin Hbf","52.524924,13.369629",2025-01-06T09:12:00+00:00,2025-01-06T09:15:00+00:00,22,28610,9,"Uff war das ein Krimi",PRIVATE,"Ostdeutsche Eisenbahn GmbH"
4133493,nationalExpress,"ICE 804",804,"Berlin Hbf","52.3928,13.036498",2025-01-06T09:36:00+00:00,2025-01-06T09:37:00+00:00,"Hamburg Hbf","53.553533,10.00636",2025-01-06T11:22:00+00:00,2025-01-06T11:24:00+00:00,107,287538,39,"Long time no see",PRIVATE,"DB Fernverkehr"
4134381,national,"EC 394",394,"Hamburg Hbf","53.553533,10.00636",2025-01-06T11:53:00+00:00,2025-01-06T11:53:00+00:00,"Kopenhagen Hbf","55.672722,12.564618",2025-01-06T16:38:00+00:00,2025-01-06T16:48:00+00:00,295,501256,59,,PRIVATE,"DB Fernverkehr"
4137412,suburban,"S C",33256,"Kopenhagen Hbf","55.672722,12.564618",2025-01-06T17:48:00+00:00,2025-01-06T17:48:00+00:00,"Dybboelsbro st","55.665144,12.559611",2025-01-06T17:50:00+00:00,2025-01-06T17:50:00+00:00,2,899,4,,PRIVATE,"DSB S-tog"
4137772,suburban,"S H",51558,"Dybboelsbro st","55.665144,12.559611",2025-01-06T18:35:00+00:00,2025-01-06T18:35:00+00:00,"Kopenhagen Hbf","55.672722,12.564618",2025-01-06T18:39:00+00:00,2025-01-06T18:39:00+00:00,4,899,4,,PRIVATE,"DSB S-tog"
4137918,regional,"R 1124",1124,"Kopenhagen Hbf","55.672722,12.564618",2025-01-06T18:44:00+00:00,2025-01-06T18:44:00+00:00,"Karlskrona Central","56.166319,15.585255",2025-01-06T22:12:00+00:00,2025-01-06T22:12:00+00:00,190,246552,31,"geplanter Zug ausgefallen, Takt sp칛ter hat Versp칛tung 游뗷",PRIVATE,"Sk친netrafiken 칐resundst친g"
4141234,regional,"R 1085",1085,"Karlskrona Central","56.166319,15.585255",2025-01-07T10:47:00+00:00,2025-01-07T10:47:00+00:00,"H칛ssleholm Central","56.158517,13.763923",2025-01-07T12:43:00+00:00,2025-01-07T12:43:00+00:00,116,130515,20,Ausflug!,PRIVATE,"Sk친netrafiken 칐resundst친g"
4142046,regional,"R 1064",1064,"H칛ssleholm Central","56.158517,13.763923",2025-01-07T12:52:00+00:00,2025-01-07T12:52:00+00:00,"츿lmhult station","56.550995,14.137263",2025-01-07T13:15:00+00:00,2025-01-07T13:15:00+00:00,23,50840,12,"Mein dritter Besuch im IKEA-Museum 游삒",PRIVATE,"Sk친netrafiken 칐resundst친g"
4144625,regional,"R 17568",17568,"츿lmhult station","56.550995,14.137263",2025-01-07T16:56:00+00:00,2025-01-07T16:56:00+00:00,"V칛xj칬 station","56.87689,14.806807",2025-01-07T17:37:00+00:00,2025-01-07T17:37:00+00:00,41,62542,13,,PRIVATE,
4145065,regional,"R 339",339,"V칛xj칬 station","56.87689,14.806807",2025-01-07T17:50:00+00:00,2025-01-07T17:50:00+00:00,"Emmaboda station","56.629848,15.534933",2025-01-07T18:28:00+00:00,2025-01-07T18:28:00+00:00,38,56123,12,,PRIVATE,SJ
4154139,national,"EC 397",397,"Kopenhagen Hbf","55.672722,12.564618",2025-01-10T13:22:00+00:00,2025-01-10T13:22:00+00:00,"Odense st","55.401778,10.386002",2025-01-10T14:32:00+00:00,2025-01-10T14:32:00+00:00,70,144094,23,"@gritzekatze und @monsterashark noch ein St칲ck begleitet",PRIVATE,
4154958,nationalExpress,"ICL 46",46,"Odense st","55.401778,10.386002",2025-01-10T14:57:00+00:00,2025-01-10T14:57:00+00:00,"Kopenhagen Hbf","55.672722,12.564618",2025-01-10T16:06:00+00:00,2025-01-10T16:06:00+00:00,69,140505,25,"Gumminase 游봃",PRIVATE,
4155119,regional,"R 1075",1075,"Malm칬 Central","55.609231,13.00126",2025-01-10T12:20:00+00:00,2025-01-10T12:20:00+00:00,"Kopenhagen Hbf","55.672722,12.564618",2025-01-10T12:57:00+00:00,2025-01-10T12:57:00+00:00,37,28328,0,"Gumminase vorher war kaputt :(",PRIVATE,Sk친netrafiken
4155975,suburban,"S C",0,"Kopenhagen Hbf","55.672722,12.564618",2025-01-10T17:06:00+00:00,2025-01-10T17:06:00+00:00,"Carlsberg St.","55.663256,12.537345",2025-01-10T17:10:00+00:00,2025-01-10T17:10:00+00:00,4,2314,4,,PRIVATE,
4156379,suburban,"S B",0,"Carlsberg St.","55.663256,12.537345",2025-01-10T18:11:00+00:00,2025-01-10T18:11:00+00:00,"Oesterport st","55.692705,12.587613",2025-01-10T18:22:00+00:00,2025-01-10T18:22:00+00:00,11,5156,4,,PRIVATE,
4156557,regional,"R 1124",1124,"Oesterport st","55.692705,12.587613",2025-01-10T18:35:00+00:00,2025-01-10T18:35:00+00:00,"Karlskrona Central","56.166319,15.585255",2025-01-10T22:12:00+00:00,2025-01-10T22:12:00+00:00,211,249097,31,"Gef칲hlt gibt's in letzter Zeit nur noch versp칛tete Bereitstellung bei 칐resundst친gen",PRIVATE,
4220071,regional,"R 8632",8632,"Bergaasa station","56.182338,15.60086",2025-01-20T09:45:00+00:00,2025-01-20T09:45:00+00:00,"Emmaboda station","56.629848,15.534933",2025-01-20T10:25:00+00:00,2025-01-20T10:25:00+00:00,40,50929,12,,PRIVATE,
4220287,regional,"R 1081",1081,"Emmaboda station","56.629848,15.534933",2025-01-20T10:31:00+00:00,2025-01-20T10:31:00+00:00,"Alvesta station","56.898482,14.55688",2025-01-20T11:20:00+00:00,2025-01-20T11:20:00+00:00,49,73838,14,,PRIVATE,
4222075,nationalExpress,"X2 534",534,"Alvesta station","56.898482,14.55688",2025-01-20T11:29:00+00:00,2025-01-20T11:29:00+00:00,"Stockholm Central","59.33001,18.05763",2025-01-20T14:31:00+00:00,2025-01-20T14:31:00+00:00,182,339964,0,"Modernisiert 游봃",PRIVATE,
4249559,national,"EC 399",399,"Kopenhagen Hbf","55.672722,12.564618",2025-01-24T15:22:00+00:00,2025-01-24T15:24:00+00:00,"Hamburg Hbf","53.553533,10.00636",2025-01-24T20:08:00+00:00,2025-01-24T20:08:00+00:00,303,501253,59,"Auslandssemester vorbei :(",PRIVATE,
4249780,regional,"R 1085",1085,"Karlskrona Central","56.166319,15.585255",2025-01-24T10:47:00+00:00,2025-01-24T10:47:00+00:00,"Kopenhagen Hbf","55.672722,12.564618",2025-01-24T14:09:00+00:00,2025-01-24T14:09:00+00:00,238,196253,0,"칐resundbr칲cke heute nur mit 40 km/h befahrbar 游뗶",PRIVATE,
4249798,nationalExpress,"X2 541",541,"Stockholm Central","59.33001,18.05763",2025-01-22T15:17:00+00:00,2025-01-22T15:17:00+00:00,"Alvesta station","56.898482,14.55688",2025-01-22T18:31:00+00:00,2025-01-22T18:31:00+00:00,194,339964,0,,PRIVATE,
4249814,regional,"R 1104",1104,"Alvesta station","56.898482,14.55688",2025-01-22T18:40:00+00:00,2025-01-22T18:40:00+00:00,"Emmaboda station","56.629848,15.534933",2025-01-22T19:28:00+00:00,2025-01-22T19:28:00+00:00,48,73838,0,,PRIVATE,
4249834,regional,"R 8669",8669,"Emmaboda station","56.629848,15.534933",2025-01-22T19:34:00+00:00,2025-01-22T19:34:00+00:00,"Karlskrona Central","56.166319,15.585255",2025-01-22T20:16:00+00:00,2025-01-22T20:16:00+00:00,42,56597,0,,PRIVATE,
4251444,nationalExpress,"ICE 805",805,"Hamburg Hbf","53.553533,10.00636",2025-01-24T20:51:00+00:00,2025-01-24T20:51:00+00:00,"Berlin Hbf","52.524924,13.369629",2025-01-25T00:27:00+00:00,2025-01-25T00:27:00+00:00,216,421753,53,"InfraGO hat ne spontane Baustelle gefunden und wir brauchen jetzt 3:36 nach Berlin 游땴游땴游땴 | es geht einfach 칲ber fucking BREMEN 驕멆잺",PRIVATE,
4251910,regional,"RE 1",73753,"Berlin Hbf","52.524924,13.369629",2025-01-25T00:59:00+00:00,2025-01-25T01:04:00+00:00,"Potsdam Hbf","52.391551,13.066711",2025-01-25T01:24:00+00:00,2025-01-25T01:24:00+00:00,20,28605,9,"Ich will ins Bett 游땴",PRIVATE,
4251920,bus,"Bus N17",0,"Hauptbahnhof (S), Potsdam","52.390985,13.065758",2025-01-25T01:34:00+00:00,2025-01-25T01:37:00+00:00,"Plantagenstr., Potsdam","52.392396,13.103279",2025-01-25T01:43:00+00:00,2025-01-25T01:46:00+00:00,9,3256,3,,PRIVATE,
4260811,bus,"Bus 690",758,"Am Findling/Willi-Frohwein-Platz, Potsdam","52.387236,13.102497",2025-01-26T13:27:00+00:00,2025-01-26T13:28:00+00:00,"Medienstadt Babelsberg Bahnhof, Potsdam","52.383326,13.121842",2025-01-26T13:31:00+00:00,2025-01-26T13:33:00+00:00,5,1384,3,,PRIVATE,
4260982,regional,"RE 7",3725,Potsdam-Drewitz-,"52.382436,13.121941",2025-01-26T13:39:00+00:00,2025-01-26T13:40:00+00:00,"Dessau Hbf","51.839964,12.23493",2025-01-26T14:53:00+00:00,2025-01-26T14:53:00+00:00,73,94555,16,,PRIVATE,
4261582,regional,"RE 13",16121,"Dessau Hbf","51.839964,12.23493",2025-01-26T15:12:00+00:00,2025-01-26T15:14:00+00:00,"Leipzig Hbf","51.345081,12.381167",2025-01-26T15:56:00+00:00,2025-01-26T15:56:00+00:00,42,59943,12,,PRIVATE,
4262733,suburban,"S 6",37654,"Leipzig Markt","51.340514,12.374604",2025-01-26T17:35:00+00:00,2025-01-26T17:38:00+00:00,"Leipzig Hbf (tief)","51.345216,12.379836",2025-01-26T17:36:00+00:00,2025-01-26T17:39:00+00:00,1,648,4,,PRIVATE,
4263718,tram,"STR 3",3,"Waldplatz, Leipzig","51.341764,12.35677",2025-01-26T21:30:00+00:00,2025-01-26T21:31:00+00:00,"Leipzig Hbf","51.345081,12.381167",2025-01-26T21:37:00+00:00,2025-01-26T21:38:00+00:00,7,1700,3,,PRIVATE,
4263847,nationalExpress,"ICE 592",592,"Leipzig Hbf","51.345081,12.381167",2025-01-26T22:16:00+00:00,2025-01-26T22:21:00+00:00,"Berlin Hbf","52.3928,13.036498",2025-01-26T23:36:00+00:00,2025-01-26T23:36:00+00:00,75,170551,28,"RTO Konzert war mal wieder mega 游봃 und dank Signalst칬rung ne Stunde fr칲her heimfahren als gebucht 游봅",PRIVATE,
4263937,suburban,"S 7",7162,"Berlin Hbf","52.524924,13.369629",2025-01-26T23:47:00+00:00,2025-01-26T23:47:00+00:00,Potsdam-Babelsberg,"52.391353,13.093049",2025-01-27T00:20:00+00:00,2025-01-27T00:20:00+00:00,33,26327,6,"BWS hat heute Nacht keinen Fdl, deshalb Ausfall RE1 und S-Bahn gurken 游",PRIVATE,
4274352,tram,"STR 94",2349,"Plantagenstr., Potsdam","52.392396,13.103279",2025-01-28T15:24:00+00:00,2025-01-28T15:24:00+00:00,"Babelsberg (S)/Wattstr., Potsdam","52.391623,13.094335",2025-01-28T15:26:00+00:00,2025-01-28T15:26:00+00:00,2,614,3,,PRIVATE,
4274354,suburban,"S 7",7576,Potsdam-Babelsberg,"52.391353,13.093049",2025-01-28T15:30:00+00:00,2025-01-28T15:31:00+00:00,"Potsdam Hbf (S)","52.391713,13.067727",2025-01-28T15:32:00+00:00,2025-01-28T15:32:00+00:00,1,1730,4,,PRIVATE,
4274526,tram,"STR 92",2036,"Hauptbahnhof (S), Potsdam","52.390985,13.065758",2025-01-28T15:47:00+00:00,2025-01-28T15:48:00+00:00,"Platz der Einheit/West, Potsdam","52.398832,13.057928",2025-01-28T15:52:00+00:00,2025-01-28T15:53:00+00:00,5,1139,3,,PRIVATE,
4275175,national,"IC 2431",2431,"Potsdam Hbf","52.391551,13.066711",2025-01-28T17:01:00+00:00,2025-01-28T17:02:00+00:00,Ostkreuz,"52.503037,13.469105",2025-01-28T17:44:00+00:00,2025-01-28T17:44:00+00:00,42,36596,12,"NV-Freigabe ftw",PRIVATE,
4275554,suburban,"S 85",85593,"Berlin Ostkreuz","52.503305,13.468861",2025-01-28T17:58:00+00:00,2025-01-28T17:58:00+00:00,Baumschulenweg,"52.467244,13.490097",2025-01-28T18:05:00+00:00,2025-01-28T18:05:00+00:00,7,4700,4,,PRIVATE,
4275596,suburban,"S 46",46105,Baumschulenweg,"52.467244,13.490097",2025-01-28T18:08:00+00:00,2025-01-28T18:08:00+00:00,Berlin-Adlershof,"52.434816,13.541386",2025-01-28T18:15:00+00:00,2025-01-28T18:15:00+00:00,7,5409,4,,PRIVATE,
4276203,suburban,"S 46",46820,Berlin-Adlershof,"52.434816,13.541386",2025-01-28T20:22:00+00:00,2025-01-28T20:23:00+00:00,"Berlin Westkreuz","52.500734,13.283962",2025-01-28T20:55:00+00:00,2025-01-28T20:55:00+00:00,32,21452,6,,PRIVATE,
4276267,suburban,"S 7",7144,"Berlin Westkreuz","52.500734,13.283962",2025-01-28T21:00:00+00:00,2025-01-28T21:00:00+00:00,"Potsdam Griebnitzsee (S)","52.394392,13.128638",2025-01-28T21:17:00+00:00,2025-01-28T21:17:00+00:00,17,16744,5,,PRIVATE,
4276338,bus,"Bus 616",1639,"Griebnitzsee Bahnhof (S), Potsdam","52.39387,13.128746",2025-01-28T21:23:00+00:00,2025-01-28T21:23:00+00:00,"Plantagenstr., Potsdam","52.392396,13.103279",2025-01-28T21:27:00+00:00,2025-01-28T21:27:00+00:00,4,1799,3,,PRIVATE,
4282118,tram,"STR 99",2139,"Plantagenstr., Potsdam","52.392396,13.103279",2025-01-29T17:34:00+00:00,2025-01-29T17:34:00+00:00,"Schiffbauergasse/Uferweg, Potsdam","52.401565,13.071808",2025-01-29T17:41:00+00:00,2025-01-29T17:41:00+00:00,7,2600,3,,PRIVATE,
4282450,tram,"STR 93",1668,"Schiffbauergasse/Berliner Str., Potsdam","52.405296,13.072922",2025-01-29T18:29:00+00:00,2025-01-29T18:30:00+00:00,"Hauptbahnhof (S), Potsdam","52.390985,13.065758",2025-01-29T18:39:00+00:00,2025-01-29T18:40:00+00:00,10,2528,3,,PRIVATE,
4283028,tram,"STR 99",2120,"Hauptbahnhof (S), Potsdam","52.390985,13.065758",2025-01-29T21:14:00+00:00,2025-01-29T21:14:00+00:00,"Plantagenstr., Potsdam","52.392396,13.103279",2025-01-29T21:27:00+00:00,2025-01-29T21:28:00+00:00,14,4879,3,,PRIVATE,
4285085,bus,"Bus 690",642,"Am Findling/Willi-Frohwein-Platz, Potsdam","52.387236,13.102497",2025-01-30T09:07:00+00:00,2025-01-30T09:07:00+00:00,"Medienstadt Babelsberg Bahnhof, Potsdam","52.383326,13.121842",2025-01-30T09:11:00+00:00,2025-01-30T09:11:00+00:00,4,1384,3,,PRIVATE,
4285135,regional,"RE 7",3714,Potsdam-Drewitz-,"52.382436,13.121941",2025-01-30T09:20:00+00:00,2025-01-30T09:20:00+00:00,"Berlin Zoologischer Garten","52.507242,13.332414",2025-01-30T09:39:00+00:00,2025-01-30T09:39:00+00:00,19,21980,9,"S-Bahn mal wieder big time kaputt 游뗷",PRIVATE,
4286776,bus,"Bus 249",84228,"Lietzenburger Str./Uhlandstr., Berlin","52.500033,13.325268",2025-01-30T13:37:00+00:00,2025-01-30T13:39:00+00:00,"Berlin Zoologischer Garten","52.507242,13.332414",2025-01-30T13:44:00+00:00,2025-01-30T13:46:00+00:00,7,1102,3,"Darf jetzt auch S-Bahn Berlin erheben 九덢잺",PRIVATE,
4286882,suburban,"S 7",7102,"Berlin Zoologischer Garten","52.507242,13.332414",2025-01-30T13:53:00+00:00,2025-01-30T13:55:00+00:00,"Berlin Charlottenburg (S)","52.504348,13.301338",2025-01-30T13:57:00+00:00,2025-01-30T13:58:00+00:00,3,2206,4,,PRIVATE,
4287293,suburban,"S 7",7106,"Berlin Charlottenburg (S)","52.504348,13.301338",2025-01-30T14:37:00+00:00,2025-01-30T14:41:00+00:00,"Potsdam Griebnitzsee (S)","52.394392,13.128638",2025-01-30T14:57:00+00:00,2025-01-30T15:00:00+00:00,19,17996,5,,PRIVATE,
4287847,bus,"Bus 616",2709,"Griebnitzsee Bahnhof (S), Potsdam","52.39387,13.128746",2025-01-30T15:34:00+00:00,2025-01-30T15:35:00+00:00,"Plantagenstr., Potsdam","52.392396,13.103279",2025-01-30T15:38:00+00:00,2025-01-30T15:39:00+00:00,4,1799,3,,PRIVATE,
4288242,bus,"Bus 690",1194,"Rathaus Babelsberg, Potsdam","52.392189,13.091144",2025-01-30T16:20:00+00:00,2025-01-30T16:21:00+00:00,"Hauptbahnhof (S), Potsdam","52.390985,13.065758",2025-01-30T16:25:00+00:00,2025-01-30T16:26:00+00:00,5,1805,3,"Boah ey heute kann man hier wirklich alles an 칐ffis in die Tonne kloppen",PRIVATE,
4288646,tram,"STR 92",1457,"Hauptbahnhof (S), Potsdam","52.390985,13.065758",2025-01-30T17:07:00+00:00,2025-01-30T17:08:00+00:00,"Magnus-Zeller-Platz, Potsdam","52.375308,13.091153",2025-01-30T17:13:00+00:00,2025-01-30T17:15:00+00:00,7,2516,3,,PRIVATE,
4290021,bus,"Bus 694",1679,"Magnus-Zeller-Platz, Potsdam","52.375308,13.091153",2025-01-30T22:13:00+00:00,2025-01-30T22:13:00+00:00,"Rathaus Babelsberg, Potsdam","52.392189,13.091144",2025-01-30T22:23:00+00:00,2025-01-30T22:23:00+00:00,10,2022,3,,PRIVATE,
4290052,tram,"STR 99",2106,"Rathaus Babelsberg, Potsdam","52.392189,13.091144",2025-01-30T22:25:00+00:00,2025-01-30T22:26:00+00:00,"Plantagenstr., Potsdam","52.392396,13.103279",2025-01-30T22:27:00+00:00,2025-01-30T22:29:00+00:00,3,845,3,,PRIVATE,
4292135,bus,"Bus 694",558,"Plantagenstr., Potsdam","52.392396,13.103279",2025-01-31T09:55:00+00:00,2025-01-31T09:56:00+00:00,"Griebnitzsee Bahnhof (S), Potsdam","52.39387,13.128746",2025-01-31T10:02:00+00:00,2025-01-31T10:03:00+00:00,7,1779,3,,PRIVATE,
4292249,suburban,"S 7",7085,"Potsdam Griebnitzsee (S)","52.394392,13.128638",2025-01-31T10:07:00+00:00,2025-01-31T10:07:00+00:00,"Berlin Hbf","52.524924,13.369629",2025-01-31T10:38:00+00:00,2025-01-31T10:38:00+00:00,31,23849,6,"Wenn man hier ICE-Umleiter sieht wei man dass es gleich lustig wird",PRIVATE,
4292546,nationalExpress,"ICE 9590",9590,"Berlin Hbf","52.524924,13.369629",2025-01-31T10:54:00+00:00,2025-01-31T10:55:00+00:00,Frankfurt(Main)Hbf,"50.106817,8.663003",2025-01-31T15:10:00+00:00,2025-01-31T15:10:00+00:00,255,592261,70,"Mein erstes Mal BR 407 游",PRIVATE,
4295360,regional,"RE 60",4673,Frankfurt(Main)Hbf,"50.106817,8.663003",2025-01-31T15:34:00+00:00,2025-01-31T15:44:00+00:00,"Mannheim Hbf","49.479181,8.469268",2025-01-31T16:45:00+00:00,2025-01-31T16:50:00+00:00,81,88650,15,"Information zu Julian 26 nach S칲den: heute mit Halt in Mannheim Hbf, heute ohne Halt in Mainz Hbf. Grund daf칲r ist die Reperatur an der Kompetenz der CoffeeFellows-Mitarbeitenden.",PRIVATE,
27092723,21242,3897
